tester1,test
tester2,test
tester3,test
tester4,test
tester5,test
tester6,test
tester7,test
tester8,test
tester9,test
tester10,test
tester11,test
tester12,test
tester13,test
tester14,test
tester15,test
tester16,test
tester17,test
tester18,test
tester19,test
tester20,test
tester21,test
tester22,test
tester23,test
tester24,test
tester25,test
tester26,test
tester27,test
tester28,test
tester29,test
tester30,test
tester31,test
tester32,test
tester33,test
tester34,test
tester35,test
tester36,test
tester37,test
tester38,test
tester39,test
tester40,test
tester41,test
tester42,test
tester43,test
tester44,test
tester45,test
tester46,test
tester47,test
tester48,test
tester49,test
tester50,test
tester51,test
tester52,test
tester53,test
tester54,test
tester55,test
tester56,test
tester57,test
tester58,test
tester59,test
tester60,test
tester61,test
tester62,test
tester63,test
tester64,test
tester65,test
tester66,test
tester67,test
tester68,test
tester69,test
tester70,test
tester71,test
tester72,test
tester73,test
tester74,test
tester75,test
tester76,test
tester77,test
tester78,test
tester79,test
tester80,test
tester81,test
tester82,test
tester83,test
tester84,test
tester85,test
tester86,test
tester87,test
tester88,test
tester89,test
tester90,test
tester91,test
tester92,test
tester93,test
tester94,test
tester95,test
tester96,test
tester97,test
tester98,test
tester99,test
tester100,test
tester101,test
tester102,test
tester103,test
tester104,test
tester105,test
tester106,test
tester107,test
tester108,test
tester109,test
tester110,test
tester111,test
tester112,test
tester113,test
tester114,test
tester115,test
tester116,test
tester117,test
tester118,test
tester119,test
tester120,test
tester121,test
tester122,test
tester123,test
tester124,test
tester125,test
tester126,test
tester127,test
tester128,test
tester129,test
tester130,test
tester131,test
tester132,test
tester133,test
tester134,test
tester135,test
tester136,test
tester137,test
tester138,test
tester139,test
tester140,test
tester141,test
tester142,test
tester143,test
tester144,test
tester145,test
tester146,test
tester147,test
tester148,test
tester149,test
tester150,test
tester151,test
tester152,test
tester153,test
tester154,test
tester155,test
tester156,test
tester157,test
tester158,test
tester159,test
tester160,test
tester161,test
tester162,test
tester163,test
tester164,test
tester165,test
tester166,test
tester167,test
tester168,test
tester169,test
tester170,test
tester171,test
tester172,test
tester173,test
tester174,test
tester175,test
tester176,test
tester177,test
tester178,test
tester179,test
tester180,test
tester181,test
tester182,test
tester183,test
tester184,test
tester185,test
tester186,test
tester187,test
tester188,test
tester189,test
tester190,test
tester191,test
tester192,test
tester193,test
tester194,test
tester195,test
tester196,test
tester197,test
tester198,test
tester199,test
tester200,test
tester201,test
tester202,test
tester203,test
tester204,test
tester205,test
tester206,test
tester207,test
tester208,test
tester209,test
tester210,test
tester211,test
tester212,test
tester213,test
tester214,test
tester215,test
tester216,test
tester217,test
tester218,test
tester219,test
tester220,test
tester221,test
tester222,test
tester223,test
tester224,test
tester225,test
tester226,test
tester227,test
tester228,test
tester229,test
tester230,test
tester231,test
tester232,test
tester233,test
tester234,test
tester235,test
tester236,test
tester237,test
tester238,test
tester239,test
tester240,test
tester241,test
tester242,test
tester243,test
tester244,test
tester245,test
tester246,test
tester247,test
tester248,test
tester249,test
tester250,test
tester251,test
tester252,test
tester253,test
tester254,test
tester255,test
tester256,test
tester257,test
tester258,test
tester259,test
tester260,test
tester261,test
tester262,test
tester263,test
tester264,test
tester265,test
tester266,test
tester267,test
tester268,test
tester269,test
tester270,test
tester271,test
tester272,test
tester273,test
tester274,test
tester275,test
tester276,test
tester277,test
tester278,test
tester279,test
tester280,test
tester281,test
tester282,test
tester283,test
tester284,test
tester285,test
tester286,test
tester287,test
tester288,test
tester289,test
tester290,test
tester291,test
tester292,test
tester293,test
tester294,test
tester295,test
tester296,test
tester297,test
tester298,test
tester299,test
tester300,test
tester301,test
tester302,test
tester303,test
tester304,test
tester305,test
tester306,test
tester307,test
tester308,test
tester309,test
tester310,test
tester311,test
tester312,test
tester313,test
tester314,test
tester315,test
tester316,test
tester317,test
tester318,test
tester319,test
tester320,test
tester321,test
tester322,test
tester323,test
tester324,test
tester325,test
tester326,test
tester327,test
tester328,test
tester329,test
tester330,test
tester331,test
tester332,test
tester333,test
tester334,test
tester335,test
tester336,test
tester337,test
tester338,test
tester339,test
tester340,test
tester341,test
tester342,test
tester343,test
tester344,test
tester345,test
tester346,test
tester347,test
tester348,test
tester349,test
tester350,test
tester351,test
tester352,test
tester353,test
tester354,test
tester355,test
tester356,test
tester357,test
tester358,test
tester359,test
tester360,test
tester361,test
tester362,test
tester363,test
tester364,test
tester365,test
tester366,test
tester367,test
tester368,test
tester369,test
tester370,test
tester371,test
tester372,test
tester373,test
tester374,test
tester375,test
tester376,test
tester377,test
tester378,test
tester379,test
tester380,test
tester381,test
tester382,test
tester383,test
tester384,test
tester385,test
tester386,test
tester387,test
tester388,test
tester389,test
tester390,test
tester391,test
tester392,test
tester393,test
tester394,test
tester395,test
tester396,test
tester397,test
tester398,test
tester399,test
tester400,test
tester401,test
tester402,test
tester403,test
tester404,test
tester405,test
tester406,test
tester407,test
tester408,test
tester409,test
tester410,test
tester411,test
tester412,test
tester413,test
tester414,test
tester415,test
tester416,test
tester417,test
tester418,test
tester419,test
tester420,test
tester421,test
tester422,test
tester423,test
tester424,test
tester425,test
tester426,test
tester427,test
tester428,test
tester429,test
tester430,test
tester431,test
tester432,test
tester433,test
tester434,test
tester435,test
tester436,test
tester437,test
tester438,test
tester439,test
tester440,test
tester441,test
tester442,test
tester443,test
tester444,test
tester445,test
tester446,test
tester447,test
tester448,test
tester449,test
tester450,test
tester451,test
tester452,test
tester453,test
tester454,test
tester455,test
tester456,test
tester457,test
tester458,test
tester459,test
tester460,test
tester461,test
tester462,test
tester463,test
tester464,test
tester465,test
tester466,test
tester467,test
tester468,test
tester469,test
tester470,test
tester471,test
tester472,test
tester473,test
tester474,test
tester475,test
tester476,test
tester477,test
tester478,test
tester479,test
tester480,test
tester481,test
tester482,test
tester483,test
tester484,test
tester485,test
tester486,test
tester487,test
tester488,test
tester489,test
tester490,test
tester491,test
tester492,test
tester493,test
tester494,test
tester495,test
tester496,test
tester497,test
tester498,test
tester499,test
tester500,test
tester501,test
tester502,test
tester503,test
tester504,test
tester505,test
tester506,test
tester507,test
tester508,test
tester509,test
tester510,test
tester511,test
tester512,test
tester513,test
tester514,test
tester515,test
tester516,test
tester517,test
tester518,test
tester519,test
tester520,test
tester521,test
tester522,test
tester523,test
tester524,test
tester525,test
tester526,test
tester527,test
tester528,test
tester529,test
tester530,test
tester531,test
tester532,test
tester533,test
tester534,test
tester535,test
tester536,test
tester537,test
tester538,test
tester539,test
tester540,test
tester541,test
tester542,test
tester543,test
tester544,test
tester545,test
tester546,test
tester547,test
tester548,test
tester549,test
tester550,test
tester551,test
tester552,test
tester553,test
tester554,test
tester555,test
tester556,test
tester557,test
tester558,test
tester559,test
tester560,test
tester561,test
tester562,test
tester563,test
tester564,test
tester565,test
tester566,test
tester567,test
tester568,test
tester569,test
tester570,test
tester571,test
tester572,test
tester573,test
tester574,test
tester575,test
tester576,test
tester577,test
tester578,test
tester579,test
tester580,test
tester581,test
tester582,test
tester583,test
tester584,test
tester585,test
tester586,test
tester587,test
tester588,test
tester589,test
tester590,test
tester591,test
tester592,test
tester593,test
tester594,test
tester595,test
tester596,test
tester597,test
tester598,test
tester599,test
tester600,test
tester601,test
tester602,test
tester603,test
tester604,test
tester605,test
tester606,test
tester607,test
tester608,test
tester609,test
tester610,test
tester611,test
tester612,test
tester613,test
tester614,test
tester615,test
tester616,test
tester617,test
tester618,test
tester619,test
tester620,test
tester621,test
tester622,test
tester623,test
tester624,test
tester625,test
tester626,test
tester627,test
tester628,test
tester629,test
tester630,test
tester631,test
tester632,test
tester633,test
tester634,test
tester635,test
tester636,test
tester637,test
tester638,test
tester639,test
tester640,test
tester641,test
tester642,test
tester643,test
tester644,test
tester645,test
tester646,test
tester647,test
tester648,test
tester649,test
tester650,test
tester651,test
tester652,test
tester653,test
tester654,test
tester655,test
tester656,test
tester657,test
tester658,test
tester659,test
tester660,test
tester661,test
tester662,test
tester663,test
tester664,test
tester665,test
tester666,test
tester667,test
tester668,test
tester669,test
tester670,test
tester671,test
tester672,test
tester673,test
tester674,test
tester675,test
tester676,test
tester677,test
tester678,test
tester679,test
tester680,test
tester681,test
tester682,test
tester683,test
tester684,test
tester685,test
tester686,test
tester687,test
tester688,test
tester689,test
tester690,test
tester691,test
tester692,test
tester693,test
tester694,test
tester695,test
tester696,test
tester697,test
tester698,test
tester699,test
tester700,test
tester701,test
tester702,test
tester703,test
tester704,test
tester705,test
tester706,test
tester707,test
tester708,test
tester709,test
tester710,test
tester711,test
tester712,test
tester713,test
tester714,test
tester715,test
tester716,test
tester717,test
tester718,test
tester719,test
tester720,test
tester721,test
tester722,test
tester723,test
tester724,test
tester725,test
tester726,test
tester727,test
tester728,test
tester729,test
tester730,test
tester731,test
tester732,test
tester733,test
tester734,test
tester735,test
tester736,test
tester737,test
tester738,test
tester739,test
tester740,test
tester741,test
tester742,test
tester743,test
tester744,test
tester745,test
tester746,test
tester747,test
tester748,test
tester749,test
tester750,test
tester751,test
tester752,test
tester753,test
tester754,test
tester755,test
tester756,test
tester757,test
tester758,test
tester759,test
tester760,test
tester761,test
tester762,test
tester763,test
tester764,test
tester765,test
tester766,test
tester767,test
tester768,test
tester769,test
tester770,test
tester771,test
tester772,test
tester773,test
tester774,test
tester775,test
tester776,test
tester777,test
tester778,test
tester779,test
tester780,test
tester781,test
tester782,test
tester783,test
tester784,test
tester785,test
tester786,test
tester787,test
tester788,test
tester789,test
tester790,test
tester791,test
tester792,test
tester793,test
tester794,test
tester795,test
tester796,test
tester797,test
tester798,test
tester799,test
tester800,test
tester801,test
tester802,test
tester803,test
tester804,test
tester805,test
tester806,test
tester807,test
tester808,test
tester809,test
tester810,test
tester811,test
tester812,test
tester813,test
tester814,test
tester815,test
tester816,test
tester817,test
tester818,test
tester819,test
tester820,test
tester821,test
tester822,test
tester823,test
tester824,test
tester825,test
tester826,test
tester827,test
tester828,test
tester829,test
tester830,test
tester831,test
tester832,test
tester833,test
tester834,test
tester835,test
tester836,test
tester837,test
tester838,test
tester839,test
tester840,test
tester841,test
tester842,test
tester843,test
tester844,test
tester845,test
tester846,test
tester847,test
tester848,test
tester849,test
tester850,test
tester851,test
tester852,test
tester853,test
tester854,test
tester855,test
tester856,test
tester857,test
tester858,test
tester859,test
tester860,test
tester861,test
tester862,test
tester863,test
tester864,test
tester865,test
tester866,test
tester867,test
tester868,test
tester869,test
tester870,test
tester871,test
tester872,test
tester873,test
tester874,test
tester875,test
tester876,test
tester877,test
tester878,test
tester879,test
tester880,test
tester881,test
tester882,test
tester883,test
tester884,test
tester885,test
tester886,test
tester887,test
tester888,test
tester889,test
tester890,test
tester891,test
tester892,test
tester893,test
tester894,test
tester895,test
tester896,test
tester897,test
tester898,test
tester899,test
tester900,test
tester901,test
tester902,test
tester903,test
tester904,test
tester905,test
tester906,test
tester907,test
tester908,test
tester909,test
tester910,test
tester911,test
tester912,test
tester913,test
tester914,test
tester915,test
tester916,test
tester917,test
tester918,test
tester919,test
tester920,test
tester921,test
tester922,test
tester923,test
tester924,test
tester925,test
tester926,test
tester927,test
tester928,test
tester929,test
tester930,test
tester931,test
tester932,test
tester933,test
tester934,test
tester935,test
tester936,test
tester937,test
tester938,test
tester939,test
tester940,test
tester941,test
tester942,test
tester943,test
tester944,test
tester945,test
tester946,test
tester947,test
tester948,test
tester949,test
tester950,test
tester951,test
tester952,test
tester953,test
tester954,test
tester955,test
tester956,test
tester957,test
tester958,test
tester959,test
tester960,test
tester961,test
tester962,test
tester963,test
tester964,test
tester965,test
tester966,test
tester967,test
tester968,test
tester969,test
tester970,test
tester971,test
tester972,test
tester973,test
tester974,test
tester975,test
tester976,test
tester977,test
tester978,test
tester979,test
tester980,test
tester981,test
tester982,test
tester983,test
tester984,test
tester985,test
tester986,test
tester987,test
tester988,test
tester989,test
tester990,test
tester991,test
tester992,test
tester993,test
tester994,test
tester995,test
tester996,test
tester997,test
tester998,test
tester999,test
tester1000,test
tester1001,test
tester1002,test
tester1003,test
tester1004,test
tester1005,test
tester1006,test
tester1007,test
tester1008,test
tester1009,test
tester1010,test
tester1011,test
tester1012,test
tester1013,test
tester1014,test
tester1015,test
tester1016,test
tester1017,test
tester1018,test
tester1019,test
tester1020,test
tester1021,test
tester1022,test
tester1023,test
tester1024,test
tester1025,test
tester1026,test
tester1027,test
tester1028,test
tester1029,test
tester1030,test
tester1031,test
tester1032,test
tester1033,test
tester1034,test
tester1035,test
tester1036,test
tester1037,test
tester1038,test
tester1039,test
tester1040,test
tester1041,test
tester1042,test
tester1043,test
tester1044,test
tester1045,test
tester1046,test
tester1047,test
tester1048,test
tester1049,test
tester1050,test
tester1051,test
tester1052,test
tester1053,test
tester1054,test
tester1055,test
tester1056,test
tester1057,test
tester1058,test
tester1059,test
tester1060,test
tester1061,test
tester1062,test
tester1063,test
tester1064,test
tester1065,test
tester1066,test
tester1067,test
tester1068,test
tester1069,test
tester1070,test
tester1071,test
tester1072,test
tester1073,test
tester1074,test
tester1075,test
tester1076,test
tester1077,test
tester1078,test
tester1079,test
tester1080,test
tester1081,test
tester1082,test
tester1083,test
tester1084,test
tester1085,test
tester1086,test
tester1087,test
tester1088,test
tester1089,test
tester1090,test
tester1091,test
tester1092,test
tester1093,test
tester1094,test
tester1095,test
tester1096,test
tester1097,test
tester1098,test
tester1099,test
tester1100,test
tester1101,test
tester1102,test
tester1103,test
tester1104,test
tester1105,test
tester1106,test
tester1107,test
tester1108,test
tester1109,test
tester1110,test
tester1111,test
tester1112,test
tester1113,test
tester1114,test
tester1115,test
tester1116,test
tester1117,test
tester1118,test
tester1119,test
tester1120,test
tester1121,test
tester1122,test
tester1123,test
tester1124,test
tester1125,test
tester1126,test
tester1127,test
tester1128,test
tester1129,test
tester1130,test
tester1131,test
tester1132,test
tester1133,test
tester1134,test
tester1135,test
tester1136,test
tester1137,test
tester1138,test
tester1139,test
tester1140,test
tester1141,test
tester1142,test
tester1143,test
tester1144,test
tester1145,test
tester1146,test
tester1147,test
tester1148,test
tester1149,test
tester1150,test
tester1151,test
tester1152,test
tester1153,test
tester1154,test
tester1155,test
tester1156,test
tester1157,test
tester1158,test
tester1159,test
tester1160,test
tester1161,test
tester1162,test
tester1163,test
tester1164,test
tester1165,test
tester1166,test
tester1167,test
tester1168,test
tester1169,test
tester1170,test
tester1171,test
tester1172,test
tester1173,test
tester1174,test
tester1175,test
tester1176,test
tester1177,test
tester1178,test
tester1179,test
tester1180,test
tester1181,test
tester1182,test
tester1183,test
tester1184,test
tester1185,test
tester1186,test
tester1187,test
tester1188,test
tester1189,test
tester1190,test
tester1191,test
tester1192,test
tester1193,test
tester1194,test
tester1195,test
tester1196,test
tester1197,test
tester1198,test
tester1199,test
tester1200,test
tester1201,test
tester1202,test
tester1203,test
tester1204,test
tester1205,test
tester1206,test
tester1207,test
tester1208,test
tester1209,test
tester1210,test
tester1211,test
tester1212,test
tester1213,test
tester1214,test
tester1215,test
tester1216,test
tester1217,test
tester1218,test
tester1219,test
tester1220,test
tester1221,test
tester1222,test
tester1223,test
tester1224,test
tester1225,test
tester1226,test
tester1227,test
tester1228,test
tester1229,test
tester1230,test
tester1231,test
tester1232,test
tester1233,test
tester1234,test
tester1235,test
tester1236,test
tester1237,test
tester1238,test
tester1239,test
tester1240,test
tester1241,test
tester1242,test
tester1243,test
tester1244,test
tester1245,test
tester1246,test
tester1247,test
tester1248,test
tester1249,test
tester1250,test
tester1251,test
tester1252,test
tester1253,test
tester1254,test
tester1255,test
tester1256,test
tester1257,test
tester1258,test
tester1259,test
tester1260,test
tester1261,test
tester1262,test
tester1263,test
tester1264,test
tester1265,test
tester1266,test
tester1267,test
tester1268,test
tester1269,test
tester1270,test
tester1271,test
tester1272,test
tester1273,test
tester1274,test
tester1275,test
tester1276,test
tester1277,test
tester1278,test
tester1279,test
tester1280,test
tester1281,test
tester1282,test
tester1283,test
tester1284,test
tester1285,test
tester1286,test
tester1287,test
tester1288,test
tester1289,test
tester1290,test
tester1291,test
tester1292,test
tester1293,test
tester1294,test
tester1295,test
tester1296,test
tester1297,test
tester1298,test
tester1299,test
tester1300,test
tester1301,test
tester1302,test
tester1303,test
tester1304,test
tester1305,test
tester1306,test
tester1307,test
tester1308,test
tester1309,test
tester1310,test
tester1311,test
tester1312,test
tester1313,test
tester1314,test
tester1315,test
tester1316,test
tester1317,test
tester1318,test
tester1319,test
tester1320,test
tester1321,test
tester1322,test
tester1323,test
tester1324,test
tester1325,test
tester1326,test
tester1327,test
tester1328,test
tester1329,test
tester1330,test
tester1331,test
tester1332,test
tester1333,test
tester1334,test
tester1335,test
tester1336,test
tester1337,test
tester1338,test
tester1339,test
tester1340,test
tester1341,test
tester1342,test
tester1343,test
tester1344,test
tester1345,test
tester1346,test
tester1347,test
tester1348,test
tester1349,test
tester1350,test
tester1351,test
tester1352,test
tester1353,test
tester1354,test
tester1355,test
tester1356,test
tester1357,test
tester1358,test
tester1359,test
tester1360,test
tester1361,test
tester1362,test
tester1363,test
tester1364,test
tester1365,test
tester1366,test
tester1367,test
tester1368,test
tester1369,test
tester1370,test
tester1371,test
tester1372,test
tester1373,test
tester1374,test
tester1375,test
tester1376,test
tester1377,test
tester1378,test
tester1379,test
tester1380,test
tester1381,test
tester1382,test
tester1383,test
tester1384,test
tester1385,test
tester1386,test
tester1387,test
tester1388,test
tester1389,test
tester1390,test
tester1391,test
tester1392,test
tester1393,test
tester1394,test
tester1395,test
tester1396,test
tester1397,test
tester1398,test
tester1399,test
tester1400,test
tester1401,test
tester1402,test
tester1403,test
tester1404,test
tester1405,test
tester1406,test
tester1407,test
tester1408,test
tester1409,test
tester1410,test
tester1411,test
tester1412,test
tester1413,test
tester1414,test
tester1415,test
tester1416,test
tester1417,test
tester1418,test
tester1419,test
tester1420,test
tester1421,test
tester1422,test
tester1423,test
tester1424,test
tester1425,test
tester1426,test
tester1427,test
tester1428,test
tester1429,test
tester1430,test
tester1431,test
tester1432,test
tester1433,test
tester1434,test
tester1435,test
tester1436,test
tester1437,test
tester1438,test
tester1439,test
tester1440,test
tester1441,test
tester1442,test
tester1443,test
tester1444,test
tester1445,test
tester1446,test
tester1447,test
tester1448,test
tester1449,test
tester1450,test
tester1451,test
tester1452,test
tester1453,test
tester1454,test
tester1455,test
tester1456,test
tester1457,test
tester1458,test
tester1459,test
tester1460,test
tester1461,test
tester1462,test
tester1463,test
tester1464,test
tester1465,test
tester1466,test
tester1467,test
tester1468,test
tester1469,test
tester1470,test
tester1471,test
tester1472,test
tester1473,test
tester1474,test
tester1475,test
tester1476,test
tester1477,test
tester1478,test
tester1479,test
tester1480,test
tester1481,test
tester1482,test
tester1483,test
tester1484,test
tester1485,test
tester1486,test
tester1487,test
tester1488,test
tester1489,test
tester1490,test
tester1491,test
tester1492,test
tester1493,test
tester1494,test
tester1495,test
tester1496,test
tester1497,test
tester1498,test
tester1499,test
tester1500,test
tester1501,test
tester1502,test
tester1503,test
tester1504,test
tester1505,test
tester1506,test
tester1507,test
tester1508,test
tester1509,test
tester1510,test
tester1511,test
tester1512,test
tester1513,test
tester1514,test
tester1515,test
tester1516,test
tester1517,test
tester1518,test
tester1519,test
tester1520,test
tester1521,test
tester1522,test
tester1523,test
tester1524,test
tester1525,test
tester1526,test
tester1527,test
tester1528,test
tester1529,test
tester1530,test
tester1531,test
tester1532,test
tester1533,test
tester1534,test
tester1535,test
tester1536,test
tester1537,test
tester1538,test
tester1539,test
tester1540,test
tester1541,test
tester1542,test
tester1543,test
tester1544,test
tester1545,test
tester1546,test
tester1547,test
tester1548,test
tester1549,test
tester1550,test
tester1551,test
tester1552,test
tester1553,test
tester1554,test
tester1555,test
tester1556,test
tester1557,test
tester1558,test
tester1559,test
tester1560,test
tester1561,test
tester1562,test
tester1563,test
tester1564,test
tester1565,test
tester1566,test
tester1567,test
tester1568,test
tester1569,test
tester1570,test
tester1571,test
tester1572,test
tester1573,test
tester1574,test
tester1575,test
tester1576,test
tester1577,test
tester1578,test
tester1579,test
tester1580,test
tester1581,test
tester1582,test
tester1583,test
tester1584,test
tester1585,test
tester1586,test
tester1587,test
tester1588,test
tester1589,test
tester1590,test
tester1591,test
tester1592,test
tester1593,test
tester1594,test
tester1595,test
tester1596,test
tester1597,test
tester1598,test
tester1599,test
tester1600,test
tester1601,test
tester1602,test
tester1603,test
tester1604,test
tester1605,test
tester1606,test
tester1607,test
tester1608,test
tester1609,test
tester1610,test
tester1611,test
tester1612,test
tester1613,test
tester1614,test
tester1615,test
tester1616,test
tester1617,test
tester1618,test
tester1619,test
tester1620,test
tester1621,test
tester1622,test
tester1623,test
tester1624,test
tester1625,test
tester1626,test
tester1627,test
tester1628,test
tester1629,test
tester1630,test
tester1631,test
tester1632,test
tester1633,test
tester1634,test
tester1635,test
tester1636,test
tester1637,test
tester1638,test
tester1639,test
tester1640,test
tester1641,test
tester1642,test
tester1643,test
tester1644,test
tester1645,test
tester1646,test
tester1647,test
tester1648,test
tester1649,test
tester1650,test
tester1651,test
tester1652,test
tester1653,test
tester1654,test
tester1655,test
tester1656,test
tester1657,test
tester1658,test
tester1659,test
tester1660,test
tester1661,test
tester1662,test
tester1663,test
tester1664,test
tester1665,test
tester1666,test
tester1667,test
tester1668,test
tester1669,test
tester1670,test
tester1671,test
tester1672,test
tester1673,test
tester1674,test
tester1675,test
tester1676,test
tester1677,test
tester1678,test
tester1679,test
tester1680,test
tester1681,test
tester1682,test
tester1683,test
tester1684,test
tester1685,test
tester1686,test
tester1687,test
tester1688,test
tester1689,test
tester1690,test
tester1691,test
tester1692,test
tester1693,test
tester1694,test
tester1695,test
tester1696,test
tester1697,test
tester1698,test
tester1699,test
tester1700,test
tester1701,test
tester1702,test
tester1703,test
tester1704,test
tester1705,test
tester1706,test
tester1707,test
tester1708,test
tester1709,test
tester1710,test
tester1711,test
tester1712,test
tester1713,test
tester1714,test
tester1715,test
tester1716,test
tester1717,test
tester1718,test
tester1719,test
tester1720,test
tester1721,test
tester1722,test
tester1723,test
tester1724,test
tester1725,test
tester1726,test
tester1727,test
tester1728,test
tester1729,test
tester1730,test
tester1731,test
tester1732,test
tester1733,test
tester1734,test
tester1735,test
tester1736,test
tester1737,test
tester1738,test
tester1739,test
tester1740,test
tester1741,test
tester1742,test
tester1743,test
tester1744,test
tester1745,test
tester1746,test
tester1747,test
tester1748,test
tester1749,test
tester1750,test
tester1751,test
tester1752,test
tester1753,test
tester1754,test
tester1755,test
tester1756,test
tester1757,test
tester1758,test
tester1759,test
tester1760,test
tester1761,test
tester1762,test
tester1763,test
tester1764,test
tester1765,test
tester1766,test
tester1767,test
tester1768,test
tester1769,test
tester1770,test
tester1771,test
tester1772,test
tester1773,test
tester1774,test
tester1775,test
tester1776,test
tester1777,test
tester1778,test
tester1779,test
tester1780,test
tester1781,test
tester1782,test
tester1783,test
tester1784,test
tester1785,test
tester1786,test
tester1787,test
tester1788,test
tester1789,test
tester1790,test
tester1791,test
tester1792,test
tester1793,test
tester1794,test
tester1795,test
tester1796,test
tester1797,test
tester1798,test
tester1799,test
tester1800,test
tester1801,test
tester1802,test
tester1803,test
tester1804,test
tester1805,test
tester1806,test
tester1807,test
tester1808,test
tester1809,test
tester1810,test
tester1811,test
tester1812,test
tester1813,test
tester1814,test
tester1815,test
tester1816,test
tester1817,test
tester1818,test
tester1819,test
tester1820,test
tester1821,test
tester1822,test
tester1823,test
tester1824,test
tester1825,test
tester1826,test
tester1827,test
tester1828,test
tester1829,test
tester1830,test
tester1831,test
tester1832,test
tester1833,test
tester1834,test
tester1835,test
tester1836,test
tester1837,test
tester1838,test
tester1839,test
tester1840,test
tester1841,test
tester1842,test
tester1843,test
tester1844,test
tester1845,test
tester1846,test
tester1847,test
tester1848,test
tester1849,test
tester1850,test
tester1851,test
tester1852,test
tester1853,test
tester1854,test
tester1855,test
tester1856,test
tester1857,test
tester1858,test
tester1859,test
tester1860,test
tester1861,test
tester1862,test
tester1863,test
tester1864,test
tester1865,test
tester1866,test
tester1867,test
tester1868,test
tester1869,test
tester1870,test
tester1871,test
tester1872,test
tester1873,test
tester1874,test
tester1875,test
tester1876,test
tester1877,test
tester1878,test
tester1879,test
tester1880,test
tester1881,test
tester1882,test
tester1883,test
tester1884,test
tester1885,test
tester1886,test
tester1887,test
tester1888,test
tester1889,test
tester1890,test
tester1891,test
tester1892,test
tester1893,test
tester1894,test
tester1895,test
tester1896,test
tester1897,test
tester1898,test
tester1899,test
tester1900,test
tester1901,test
tester1902,test
tester1903,test
tester1904,test
tester1905,test
tester1906,test
tester1907,test
tester1908,test
tester1909,test
tester1910,test
tester1911,test
tester1912,test
tester1913,test
tester1914,test
tester1915,test
tester1916,test
tester1917,test
tester1918,test
tester1919,test
tester1920,test
tester1921,test
tester1922,test
tester1923,test
tester1924,test
tester1925,test
tester1926,test
tester1927,test
tester1928,test
tester1929,test
tester1930,test
tester1931,test
tester1932,test
tester1933,test
tester1934,test
tester1935,test
tester1936,test
tester1937,test
tester1938,test
tester1939,test
tester1940,test
tester1941,test
tester1942,test
tester1943,test
tester1944,test
tester1945,test
tester1946,test
tester1947,test
tester1948,test
tester1949,test
tester1950,test
tester1951,test
tester1952,test
tester1953,test
tester1954,test
tester1955,test
tester1956,test
tester1957,test
tester1958,test
tester1959,test
tester1960,test
tester1961,test
tester1962,test
tester1963,test
tester1964,test
tester1965,test
tester1966,test
tester1967,test
tester1968,test
tester1969,test
tester1970,test
tester1971,test
tester1972,test
tester1973,test
tester1974,test
tester1975,test
tester1976,test
tester1977,test
tester1978,test
tester1979,test
tester1980,test
tester1981,test
tester1982,test
tester1983,test
tester1984,test
tester1985,test
tester1986,test
tester1987,test
tester1988,test
tester1989,test
tester1990,test
tester1991,test
tester1992,test
tester1993,test
tester1994,test
tester1995,test
tester1996,test
tester1997,test
tester1998,test
tester1999,test
tester2000,test
tester2001,test
tester2002,test
tester2003,test
tester2004,test
tester2005,test
tester2006,test
tester2007,test
tester2008,test
tester2009,test
tester2010,test
tester2011,test
tester2012,test
tester2013,test
tester2014,test
tester2015,test
tester2016,test
tester2017,test
tester2018,test
tester2019,test
tester2020,test
tester2021,test
tester2022,test
tester2023,test
tester2024,test
tester2025,test
tester2026,test
tester2027,test
tester2028,test
tester2029,test
tester2030,test
tester2031,test
tester2032,test
tester2033,test
tester2034,test
tester2035,test
tester2036,test
tester2037,test
tester2038,test
tester2039,test
tester2040,test
tester2041,test
tester2042,test
tester2043,test
tester2044,test
tester2045,test
tester2046,test
tester2047,test
tester2048,test
tester2049,test
tester2050,test
tester2051,test
tester2052,test
tester2053,test
tester2054,test
tester2055,test
tester2056,test
tester2057,test
tester2058,test
tester2059,test
tester2060,test
tester2061,test
tester2062,test
tester2063,test
tester2064,test
tester2065,test
tester2066,test
tester2067,test
tester2068,test
tester2069,test
tester2070,test
tester2071,test
tester2072,test
tester2073,test
tester2074,test
tester2075,test
tester2076,test
tester2077,test
tester2078,test
tester2079,test
tester2080,test
tester2081,test
tester2082,test
tester2083,test
tester2084,test
tester2085,test
tester2086,test
tester2087,test
tester2088,test
tester2089,test
tester2090,test
tester2091,test
tester2092,test
tester2093,test
tester2094,test
tester2095,test
tester2096,test
tester2097,test
tester2098,test
tester2099,test
tester2100,test
tester2101,test
tester2102,test
tester2103,test
tester2104,test
tester2105,test
tester2106,test
tester2107,test
tester2108,test
tester2109,test
tester2110,test
tester2111,test
tester2112,test
tester2113,test
tester2114,test
tester2115,test
tester2116,test
tester2117,test
tester2118,test
tester2119,test
tester2120,test
tester2121,test
tester2122,test
tester2123,test
tester2124,test
tester2125,test
tester2126,test
tester2127,test
tester2128,test
tester2129,test
tester2130,test
tester2131,test
tester2132,test
tester2133,test
tester2134,test
tester2135,test
tester2136,test
tester2137,test
tester2138,test
tester2139,test
tester2140,test
tester2141,test
tester2142,test
tester2143,test
tester2144,test
tester2145,test
tester2146,test
tester2147,test
tester2148,test
tester2149,test
tester2150,test
tester2151,test
tester2152,test
tester2153,test
tester2154,test
tester2155,test
tester2156,test
tester2157,test
tester2158,test
tester2159,test
tester2160,test
tester2161,test
tester2162,test
tester2163,test
tester2164,test
tester2165,test
tester2166,test
tester2167,test
tester2168,test
tester2169,test
tester2170,test
tester2171,test
tester2172,test
tester2173,test
tester2174,test
tester2175,test
tester2176,test
tester2177,test
tester2178,test
tester2179,test
tester2180,test
tester2181,test
tester2182,test
tester2183,test
tester2184,test
tester2185,test
tester2186,test
tester2187,test
tester2188,test
tester2189,test
tester2190,test
tester2191,test
tester2192,test
tester2193,test
tester2194,test
tester2195,test
tester2196,test
tester2197,test
tester2198,test
tester2199,test
tester2200,test
tester2201,test
tester2202,test
tester2203,test
tester2204,test
tester2205,test
tester2206,test
tester2207,test
tester2208,test
tester2209,test
tester2210,test
tester2211,test
tester2212,test
tester2213,test
tester2214,test
tester2215,test
tester2216,test
tester2217,test
tester2218,test
tester2219,test
tester2220,test
tester2221,test
tester2222,test
tester2223,test
tester2224,test
tester2225,test
tester2226,test
tester2227,test
tester2228,test
tester2229,test
tester2230,test
tester2231,test
tester2232,test
tester2233,test
tester2234,test
tester2235,test
tester2236,test
tester2237,test
tester2238,test
tester2239,test
tester2240,test
tester2241,test
tester2242,test
tester2243,test
tester2244,test
tester2245,test
tester2246,test
tester2247,test
tester2248,test
tester2249,test
tester2250,test
tester2251,test
tester2252,test
tester2253,test
tester2254,test
tester2255,test
tester2256,test
tester2257,test
tester2258,test
tester2259,test
tester2260,test
tester2261,test
tester2262,test
tester2263,test
tester2264,test
tester2265,test
tester2266,test
tester2267,test
tester2268,test
tester2269,test
tester2270,test
tester2271,test
tester2272,test
tester2273,test
tester2274,test
tester2275,test
tester2276,test
tester2277,test
tester2278,test
tester2279,test
tester2280,test
tester2281,test
tester2282,test
tester2283,test
tester2284,test
tester2285,test
tester2286,test
tester2287,test
tester2288,test
tester2289,test
tester2290,test
tester2291,test
tester2292,test
tester2293,test
tester2294,test
tester2295,test
tester2296,test
tester2297,test
tester2298,test
tester2299,test
tester2300,test
tester2301,test
tester2302,test
tester2303,test
tester2304,test
tester2305,test
tester2306,test
tester2307,test
tester2308,test
tester2309,test
tester2310,test
tester2311,test
tester2312,test
tester2313,test
tester2314,test
tester2315,test
tester2316,test
tester2317,test
tester2318,test
tester2319,test
tester2320,test
tester2321,test
tester2322,test
tester2323,test
tester2324,test
tester2325,test
tester2326,test
tester2327,test
tester2328,test
tester2329,test
tester2330,test
tester2331,test
tester2332,test
tester2333,test
tester2334,test
tester2335,test
tester2336,test
tester2337,test
tester2338,test
tester2339,test
tester2340,test
tester2341,test
tester2342,test
tester2343,test
tester2344,test
tester2345,test
tester2346,test
tester2347,test
tester2348,test
tester2349,test
tester2350,test
tester2351,test
tester2352,test
tester2353,test
tester2354,test
tester2355,test
tester2356,test
tester2357,test
tester2358,test
tester2359,test
tester2360,test
tester2361,test
tester2362,test
tester2363,test
tester2364,test
tester2365,test
tester2366,test
tester2367,test
tester2368,test
tester2369,test
tester2370,test
tester2371,test
tester2372,test
tester2373,test
tester2374,test
tester2375,test
tester2376,test
tester2377,test
tester2378,test
tester2379,test
tester2380,test
tester2381,test
tester2382,test
tester2383,test
tester2384,test
tester2385,test
tester2386,test
tester2387,test
tester2388,test
tester2389,test
tester2390,test
tester2391,test
tester2392,test
tester2393,test
tester2394,test
tester2395,test
tester2396,test
tester2397,test
tester2398,test
tester2399,test
tester2400,test
tester2401,test
tester2402,test
tester2403,test
tester2404,test
tester2405,test
tester2406,test
tester2407,test
tester2408,test
tester2409,test
tester2410,test
tester2411,test
tester2412,test
tester2413,test
tester2414,test
tester2415,test
tester2416,test
tester2417,test
tester2418,test
tester2419,test
tester2420,test
tester2421,test
tester2422,test
tester2423,test
tester2424,test
tester2425,test
tester2426,test
tester2427,test
tester2428,test
tester2429,test
tester2430,test
tester2431,test
tester2432,test
tester2433,test
tester2434,test
tester2435,test
tester2436,test
tester2437,test
tester2438,test
tester2439,test
tester2440,test
tester2441,test
tester2442,test
tester2443,test
tester2444,test
tester2445,test
tester2446,test
tester2447,test
tester2448,test
tester2449,test
tester2450,test
tester2451,test
tester2452,test
tester2453,test
tester2454,test
tester2455,test
tester2456,test
tester2457,test
tester2458,test
tester2459,test
tester2460,test
tester2461,test
tester2462,test
tester2463,test
tester2464,test
tester2465,test
tester2466,test
tester2467,test
tester2468,test
tester2469,test
tester2470,test
tester2471,test
tester2472,test
tester2473,test
tester2474,test
tester2475,test
tester2476,test
tester2477,test
tester2478,test
tester2479,test
tester2480,test
tester2481,test
tester2482,test
tester2483,test
tester2484,test
tester2485,test
tester2486,test
tester2487,test
tester2488,test
tester2489,test
tester2490,test
tester2491,test
tester2492,test
tester2493,test
tester2494,test
tester2495,test
tester2496,test
tester2497,test
tester2498,test
tester2499,test
tester2500,test
tester2501,test
tester2502,test
tester2503,test
tester2504,test
tester2505,test
tester2506,test
tester2507,test
tester2508,test
tester2509,test
tester2510,test
tester2511,test
tester2512,test
tester2513,test
tester2514,test
tester2515,test
tester2516,test
tester2517,test
tester2518,test
tester2519,test
tester2520,test
tester2521,test
tester2522,test
tester2523,test
tester2524,test
tester2525,test
tester2526,test
tester2527,test
tester2528,test
tester2529,test
tester2530,test
tester2531,test
tester2532,test
tester2533,test
tester2534,test
tester2535,test
tester2536,test
tester2537,test
tester2538,test
tester2539,test
tester2540,test
tester2541,test
tester2542,test
tester2543,test
tester2544,test
tester2545,test
tester2546,test
tester2547,test
tester2548,test
tester2549,test
tester2550,test
tester2551,test
tester2552,test
tester2553,test
tester2554,test
tester2555,test
tester2556,test
tester2557,test
tester2558,test
tester2559,test
tester2560,test
tester2561,test
tester2562,test
tester2563,test
tester2564,test
tester2565,test
tester2566,test
tester2567,test
tester2568,test
tester2569,test
tester2570,test
tester2571,test
tester2572,test
tester2573,test
tester2574,test
tester2575,test
tester2576,test
tester2577,test
tester2578,test
tester2579,test
tester2580,test
tester2581,test
tester2582,test
tester2583,test
tester2584,test
tester2585,test
tester2586,test
tester2587,test
tester2588,test
tester2589,test
tester2590,test
tester2591,test
tester2592,test
tester2593,test
tester2594,test
tester2595,test
tester2596,test
tester2597,test
tester2598,test
tester2599,test
tester2600,test
tester2601,test
tester2602,test
tester2603,test
tester2604,test
tester2605,test
tester2606,test
tester2607,test
tester2608,test
tester2609,test
tester2610,test
tester2611,test
tester2612,test
tester2613,test
tester2614,test
tester2615,test
tester2616,test
tester2617,test
tester2618,test
tester2619,test
tester2620,test
tester2621,test
tester2622,test
tester2623,test
tester2624,test
tester2625,test
tester2626,test
tester2627,test
tester2628,test
tester2629,test
tester2630,test
tester2631,test
tester2632,test
tester2633,test
tester2634,test
tester2635,test
tester2636,test
tester2637,test
tester2638,test
tester2639,test
tester2640,test
tester2641,test
tester2642,test
tester2643,test
tester2644,test
tester2645,test
tester2646,test
tester2647,test
tester2648,test
tester2649,test
tester2650,test
tester2651,test
tester2652,test
tester2653,test
tester2654,test
tester2655,test
tester2656,test
tester2657,test
tester2658,test
tester2659,test
tester2660,test
tester2661,test
tester2662,test
tester2663,test
tester2664,test
tester2665,test
tester2666,test
tester2667,test
tester2668,test
tester2669,test
tester2670,test
tester2671,test
tester2672,test
tester2673,test
tester2674,test
tester2675,test
tester2676,test
tester2677,test
tester2678,test
tester2679,test
tester2680,test
tester2681,test
tester2682,test
tester2683,test
tester2684,test
tester2685,test
tester2686,test
tester2687,test
tester2688,test
tester2689,test
tester2690,test
tester2691,test
tester2692,test
tester2693,test
tester2694,test
tester2695,test
tester2696,test
tester2697,test
tester2698,test
tester2699,test
tester2700,test
tester2701,test
tester2702,test
tester2703,test
tester2704,test
tester2705,test
tester2706,test
tester2707,test
tester2708,test
tester2709,test
tester2710,test
tester2711,test
tester2712,test
tester2713,test
tester2714,test
tester2715,test
tester2716,test
tester2717,test
tester2718,test
tester2719,test
tester2720,test
tester2721,test
tester2722,test
tester2723,test
tester2724,test
tester2725,test
tester2726,test
tester2727,test
tester2728,test
tester2729,test
tester2730,test
tester2731,test
tester2732,test
tester2733,test
tester2734,test
tester2735,test
tester2736,test
tester2737,test
tester2738,test
tester2739,test
tester2740,test
tester2741,test
tester2742,test
tester2743,test
tester2744,test
tester2745,test
tester2746,test
tester2747,test
tester2748,test
tester2749,test
tester2750,test
tester2751,test
tester2752,test
tester2753,test
tester2754,test
tester2755,test
tester2756,test
tester2757,test
tester2758,test
tester2759,test
tester2760,test
tester2761,test
tester2762,test
tester2763,test
tester2764,test
tester2765,test
tester2766,test
tester2767,test
tester2768,test
tester2769,test
tester2770,test
tester2771,test
tester2772,test
tester2773,test
tester2774,test
tester2775,test
tester2776,test
tester2777,test
tester2778,test
tester2779,test
tester2780,test
tester2781,test
tester2782,test
tester2783,test
tester2784,test
tester2785,test
tester2786,test
tester2787,test
tester2788,test
tester2789,test
tester2790,test
tester2791,test
tester2792,test
tester2793,test
tester2794,test
tester2795,test
tester2796,test
tester2797,test
tester2798,test
tester2799,test
tester2800,test
tester2801,test
tester2802,test
tester2803,test
tester2804,test
tester2805,test
tester2806,test
tester2807,test
tester2808,test
tester2809,test
tester2810,test
tester2811,test
tester2812,test
tester2813,test
tester2814,test
tester2815,test
tester2816,test
tester2817,test
tester2818,test
tester2819,test
tester2820,test
tester2821,test
tester2822,test
tester2823,test
tester2824,test
tester2825,test
tester2826,test
tester2827,test
tester2828,test
tester2829,test
tester2830,test
tester2831,test
tester2832,test
tester2833,test
tester2834,test
tester2835,test
tester2836,test
tester2837,test
tester2838,test
tester2839,test
tester2840,test
tester2841,test
tester2842,test
tester2843,test
tester2844,test
tester2845,test
tester2846,test
tester2847,test
tester2848,test
tester2849,test
tester2850,test
tester2851,test
tester2852,test
tester2853,test
tester2854,test
tester2855,test
tester2856,test
tester2857,test
tester2858,test
tester2859,test
tester2860,test
tester2861,test
tester2862,test
tester2863,test
tester2864,test
tester2865,test
tester2866,test
tester2867,test
tester2868,test
tester2869,test
tester2870,test
tester2871,test
tester2872,test
tester2873,test
tester2874,test
tester2875,test
tester2876,test
tester2877,test
tester2878,test
tester2879,test
tester2880,test
tester2881,test
tester2882,test
tester2883,test
tester2884,test
tester2885,test
tester2886,test
tester2887,test
tester2888,test
tester2889,test
tester2890,test
tester2891,test
tester2892,test
tester2893,test
tester2894,test
tester2895,test
tester2896,test
tester2897,test
tester2898,test
tester2899,test
tester2900,test
tester2901,test
tester2902,test
tester2903,test
tester2904,test
tester2905,test
tester2906,test
tester2907,test
tester2908,test
tester2909,test
tester2910,test
tester2911,test
tester2912,test
tester2913,test
tester2914,test
tester2915,test
tester2916,test
tester2917,test
tester2918,test
tester2919,test
tester2920,test
tester2921,test
tester2922,test
tester2923,test
tester2924,test
tester2925,test
tester2926,test
tester2927,test
tester2928,test
tester2929,test
tester2930,test
tester2931,test
tester2932,test
tester2933,test
tester2934,test
tester2935,test
tester2936,test
tester2937,test
tester2938,test
tester2939,test
tester2940,test
tester2941,test
tester2942,test
tester2943,test
tester2944,test
tester2945,test
tester2946,test
tester2947,test
tester2948,test
tester2949,test
tester2950,test
tester2951,test
tester2952,test
tester2953,test
tester2954,test
tester2955,test
tester2956,test
tester2957,test
tester2958,test
tester2959,test
tester2960,test
tester2961,test
tester2962,test
tester2963,test
tester2964,test
tester2965,test
tester2966,test
tester2967,test
tester2968,test
tester2969,test
tester2970,test
tester2971,test
tester2972,test
tester2973,test
tester2974,test
tester2975,test
tester2976,test
tester2977,test
tester2978,test
tester2979,test
tester2980,test
tester2981,test
tester2982,test
tester2983,test
tester2984,test
tester2985,test
tester2986,test
tester2987,test
tester2988,test
tester2989,test
tester2990,test
tester2991,test
tester2992,test
tester2993,test
tester2994,test
tester2995,test
tester2996,test
tester2997,test
tester2998,test
tester2999,test
tester3000,test
tester3001,test
tester3002,test
tester3003,test
tester3004,test
tester3005,test
tester3006,test
tester3007,test
tester3008,test
tester3009,test
tester3010,test
tester3011,test
tester3012,test
tester3013,test
tester3014,test
tester3015,test
tester3016,test
tester3017,test
tester3018,test
tester3019,test
tester3020,test
tester3021,test
tester3022,test
tester3023,test
tester3024,test
tester3025,test
tester3026,test
tester3027,test
tester3028,test
tester3029,test
tester3030,test
tester3031,test
tester3032,test
tester3033,test
tester3034,test
tester3035,test
tester3036,test
tester3037,test
tester3038,test
tester3039,test
tester3040,test
tester3041,test
tester3042,test
tester3043,test
tester3044,test
tester3045,test
tester3046,test
tester3047,test
tester3048,test
tester3049,test
tester3050,test
tester3051,test
tester3052,test
tester3053,test
tester3054,test
tester3055,test
tester3056,test
tester3057,test
tester3058,test
tester3059,test
tester3060,test
tester3061,test
tester3062,test
tester3063,test
tester3064,test
tester3065,test
tester3066,test
tester3067,test
tester3068,test
tester3069,test
tester3070,test
tester3071,test
tester3072,test
tester3073,test
tester3074,test
tester3075,test
tester3076,test
tester3077,test
tester3078,test
tester3079,test
tester3080,test
tester3081,test
tester3082,test
tester3083,test
tester3084,test
tester3085,test
tester3086,test
tester3087,test
tester3088,test
tester3089,test
tester3090,test
tester3091,test
tester3092,test
tester3093,test
tester3094,test
tester3095,test
tester3096,test
tester3097,test
tester3098,test
tester3099,test
tester3100,test
tester3101,test
tester3102,test
tester3103,test
tester3104,test
tester3105,test
tester3106,test
tester3107,test
tester3108,test
tester3109,test
tester3110,test
tester3111,test
tester3112,test
tester3113,test
tester3114,test
tester3115,test
tester3116,test
tester3117,test
tester3118,test
tester3119,test
tester3120,test
tester3121,test
tester3122,test
tester3123,test
tester3124,test
tester3125,test
tester3126,test
tester3127,test
tester3128,test
tester3129,test
tester3130,test
tester3131,test
tester3132,test
tester3133,test
tester3134,test
tester3135,test
tester3136,test
tester3137,test
tester3138,test
tester3139,test
tester3140,test
tester3141,test
tester3142,test
tester3143,test
tester3144,test
tester3145,test
tester3146,test
tester3147,test
tester3148,test
tester3149,test
tester3150,test
tester3151,test
tester3152,test
tester3153,test
tester3154,test
tester3155,test
tester3156,test
tester3157,test
tester3158,test
tester3159,test
tester3160,test
tester3161,test
tester3162,test
tester3163,test
tester3164,test
tester3165,test
tester3166,test
tester3167,test
tester3168,test
tester3169,test
tester3170,test
tester3171,test
tester3172,test
tester3173,test
tester3174,test
tester3175,test
tester3176,test
tester3177,test
tester3178,test
tester3179,test
tester3180,test
tester3181,test
tester3182,test
tester3183,test
tester3184,test
tester3185,test
tester3186,test
tester3187,test
tester3188,test
tester3189,test
tester3190,test
tester3191,test
tester3192,test
tester3193,test
tester3194,test
tester3195,test
tester3196,test
tester3197,test
tester3198,test
tester3199,test
tester3200,test
tester3201,test
tester3202,test
tester3203,test
tester3204,test
tester3205,test
tester3206,test
tester3207,test
tester3208,test
tester3209,test
tester3210,test
tester3211,test
tester3212,test
tester3213,test
tester3214,test
tester3215,test
tester3216,test
tester3217,test
tester3218,test
tester3219,test
tester3220,test
tester3221,test
tester3222,test
tester3223,test
tester3224,test
tester3225,test
tester3226,test
tester3227,test
tester3228,test
tester3229,test
tester3230,test
tester3231,test
tester3232,test
tester3233,test
tester3234,test
tester3235,test
tester3236,test
tester3237,test
tester3238,test
tester3239,test
tester3240,test
tester3241,test
tester3242,test
tester3243,test
tester3244,test
tester3245,test
tester3246,test
tester3247,test
tester3248,test
tester3249,test
tester3250,test
tester3251,test
tester3252,test
tester3253,test
tester3254,test
tester3255,test
tester3256,test
tester3257,test
tester3258,test
tester3259,test
tester3260,test
tester3261,test
tester3262,test
tester3263,test
tester3264,test
tester3265,test
tester3266,test
tester3267,test
tester3268,test
tester3269,test
tester3270,test
tester3271,test
tester3272,test
tester3273,test
tester3274,test
tester3275,test
tester3276,test
tester3277,test
tester3278,test
tester3279,test
tester3280,test
tester3281,test
tester3282,test
tester3283,test
tester3284,test
tester3285,test
tester3286,test
tester3287,test
tester3288,test
tester3289,test
tester3290,test
tester3291,test
tester3292,test
tester3293,test
tester3294,test
tester3295,test
tester3296,test
tester3297,test
tester3298,test
tester3299,test
tester3300,test
tester3301,test
tester3302,test
tester3303,test
tester3304,test
tester3305,test
tester3306,test
tester3307,test
tester3308,test
tester3309,test
tester3310,test
tester3311,test
tester3312,test
tester3313,test
tester3314,test
tester3315,test
tester3316,test
tester3317,test
tester3318,test
tester3319,test
tester3320,test
tester3321,test
tester3322,test
tester3323,test
tester3324,test
tester3325,test
tester3326,test
tester3327,test
tester3328,test
tester3329,test
tester3330,test
tester3331,test
tester3332,test
tester3333,test
tester3334,test
tester3335,test
tester3336,test
tester3337,test
tester3338,test
tester3339,test
tester3340,test
tester3341,test
tester3342,test
tester3343,test
tester3344,test
tester3345,test
tester3346,test
tester3347,test
tester3348,test
tester3349,test
tester3350,test
tester3351,test
tester3352,test
tester3353,test
tester3354,test
tester3355,test
tester3356,test
tester3357,test
tester3358,test
tester3359,test
tester3360,test
tester3361,test
tester3362,test
tester3363,test
tester3364,test
tester3365,test
tester3366,test
tester3367,test
tester3368,test
tester3369,test
tester3370,test
tester3371,test
tester3372,test
tester3373,test
tester3374,test
tester3375,test
tester3376,test
tester3377,test
tester3378,test
tester3379,test
tester3380,test
tester3381,test
tester3382,test
tester3383,test
tester3384,test
tester3385,test
tester3386,test
tester3387,test
tester3388,test
tester3389,test
tester3390,test
tester3391,test
tester3392,test
tester3393,test
tester3394,test
tester3395,test
tester3396,test
tester3397,test
tester3398,test
tester3399,test
tester3400,test
tester3401,test
tester3402,test
tester3403,test
tester3404,test
tester3405,test
tester3406,test
tester3407,test
tester3408,test
tester3409,test
tester3410,test
tester3411,test
tester3412,test
tester3413,test
tester3414,test
tester3415,test
tester3416,test
tester3417,test
tester3418,test
tester3419,test
tester3420,test
tester3421,test
tester3422,test
tester3423,test
tester3424,test
tester3425,test
tester3426,test
tester3427,test
tester3428,test
tester3429,test
tester3430,test
tester3431,test
tester3432,test
tester3433,test
tester3434,test
tester3435,test
tester3436,test
tester3437,test
tester3438,test
tester3439,test
tester3440,test
tester3441,test
tester3442,test
tester3443,test
tester3444,test
tester3445,test
tester3446,test
tester3447,test
tester3448,test
tester3449,test
tester3450,test
tester3451,test
tester3452,test
tester3453,test
tester3454,test
tester3455,test
tester3456,test
tester3457,test
tester3458,test
tester3459,test
tester3460,test
tester3461,test
tester3462,test
tester3463,test
tester3464,test
tester3465,test
tester3466,test
tester3467,test
tester3468,test
tester3469,test
tester3470,test
tester3471,test
tester3472,test
tester3473,test
tester3474,test
tester3475,test
tester3476,test
tester3477,test
tester3478,test
tester3479,test
tester3480,test
tester3481,test
tester3482,test
tester3483,test
tester3484,test
tester3485,test
tester3486,test
tester3487,test
tester3488,test
tester3489,test
tester3490,test
tester3491,test
tester3492,test
tester3493,test
tester3494,test
tester3495,test
tester3496,test
tester3497,test
tester3498,test
tester3499,test
tester3500,test
tester3501,test
tester3502,test
tester3503,test
tester3504,test
tester3505,test
tester3506,test
tester3507,test
tester3508,test
tester3509,test
tester3510,test
tester3511,test
tester3512,test
tester3513,test
tester3514,test
tester3515,test
tester3516,test
tester3517,test
tester3518,test
tester3519,test
tester3520,test
tester3521,test
tester3522,test
tester3523,test
tester3524,test
tester3525,test
tester3526,test
tester3527,test
tester3528,test
tester3529,test
tester3530,test
tester3531,test
tester3532,test
tester3533,test
tester3534,test
tester3535,test
tester3536,test
tester3537,test
tester3538,test
tester3539,test
tester3540,test
tester3541,test
tester3542,test
tester3543,test
tester3544,test
tester3545,test
tester3546,test
tester3547,test
tester3548,test
tester3549,test
tester3550,test
tester3551,test
tester3552,test
tester3553,test
tester3554,test
tester3555,test
tester3556,test
tester3557,test
tester3558,test
tester3559,test
tester3560,test
tester3561,test
tester3562,test
tester3563,test
tester3564,test
tester3565,test
tester3566,test
tester3567,test
tester3568,test
tester3569,test
tester3570,test
tester3571,test
tester3572,test
tester3573,test
tester3574,test
tester3575,test
tester3576,test
tester3577,test
tester3578,test
tester3579,test
tester3580,test
tester3581,test
tester3582,test
tester3583,test
tester3584,test
tester3585,test
tester3586,test
tester3587,test
tester3588,test
tester3589,test
tester3590,test
tester3591,test
tester3592,test
tester3593,test
tester3594,test
tester3595,test
tester3596,test
tester3597,test
tester3598,test
tester3599,test
tester3600,test
tester3601,test
tester3602,test
tester3603,test
tester3604,test
tester3605,test
tester3606,test
tester3607,test
tester3608,test
tester3609,test
tester3610,test
tester3611,test
tester3612,test
tester3613,test
tester3614,test
tester3615,test
tester3616,test
tester3617,test
tester3618,test
tester3619,test
tester3620,test
tester3621,test
tester3622,test
tester3623,test
tester3624,test
tester3625,test
tester3626,test
tester3627,test
tester3628,test
tester3629,test
tester3630,test
tester3631,test
tester3632,test
tester3633,test
tester3634,test
tester3635,test
tester3636,test
tester3637,test
tester3638,test
tester3639,test
tester3640,test
tester3641,test
tester3642,test
tester3643,test
tester3644,test
tester3645,test
tester3646,test
tester3647,test
tester3648,test
tester3649,test
tester3650,test
tester3651,test
tester3652,test
tester3653,test
tester3654,test
tester3655,test
tester3656,test
tester3657,test
tester3658,test
tester3659,test
tester3660,test
tester3661,test
tester3662,test
tester3663,test
tester3664,test
tester3665,test
tester3666,test
tester3667,test
tester3668,test
tester3669,test
tester3670,test
tester3671,test
tester3672,test
tester3673,test
tester3674,test
tester3675,test
tester3676,test
tester3677,test
tester3678,test
tester3679,test
tester3680,test
tester3681,test
tester3682,test
tester3683,test
tester3684,test
tester3685,test
tester3686,test
tester3687,test
tester3688,test
tester3689,test
tester3690,test
tester3691,test
tester3692,test
tester3693,test
tester3694,test
tester3695,test
tester3696,test
tester3697,test
tester3698,test
tester3699,test
tester3700,test
tester3701,test
tester3702,test
tester3703,test
tester3704,test
tester3705,test
tester3706,test
tester3707,test
tester3708,test
tester3709,test
tester3710,test
tester3711,test
tester3712,test
tester3713,test
tester3714,test
tester3715,test
tester3716,test
tester3717,test
tester3718,test
tester3719,test
tester3720,test
tester3721,test
tester3722,test
tester3723,test
tester3724,test
tester3725,test
tester3726,test
tester3727,test
tester3728,test
tester3729,test
tester3730,test
tester3731,test
tester3732,test
tester3733,test
tester3734,test
tester3735,test
tester3736,test
tester3737,test
tester3738,test
tester3739,test
tester3740,test
tester3741,test
tester3742,test
tester3743,test
tester3744,test
tester3745,test
tester3746,test
tester3747,test
tester3748,test
tester3749,test
tester3750,test
tester3751,test
tester3752,test
tester3753,test
tester3754,test
tester3755,test
tester3756,test
tester3757,test
tester3758,test
tester3759,test
tester3760,test
tester3761,test
tester3762,test
tester3763,test
tester3764,test
tester3765,test
tester3766,test
tester3767,test
tester3768,test
tester3769,test
tester3770,test
tester3771,test
tester3772,test
tester3773,test
tester3774,test
tester3775,test
tester3776,test
tester3777,test
tester3778,test
tester3779,test
tester3780,test
tester3781,test
tester3782,test
tester3783,test
tester3784,test
tester3785,test
tester3786,test
tester3787,test
tester3788,test
tester3789,test
tester3790,test
tester3791,test
tester3792,test
tester3793,test
tester3794,test
tester3795,test
tester3796,test
tester3797,test
tester3798,test
tester3799,test
tester3800,test
tester3801,test
tester3802,test
tester3803,test
tester3804,test
tester3805,test
tester3806,test
tester3807,test
tester3808,test
tester3809,test
tester3810,test
tester3811,test
tester3812,test
tester3813,test
tester3814,test
tester3815,test
tester3816,test
tester3817,test
tester3818,test
tester3819,test
tester3820,test
tester3821,test
tester3822,test
tester3823,test
tester3824,test
tester3825,test
tester3826,test
tester3827,test
tester3828,test
tester3829,test
tester3830,test
tester3831,test
tester3832,test
tester3833,test
tester3834,test
tester3835,test
tester3836,test
tester3837,test
tester3838,test
tester3839,test
tester3840,test
tester3841,test
tester3842,test
tester3843,test
tester3844,test
tester3845,test
tester3846,test
tester3847,test
tester3848,test
tester3849,test
tester3850,test
tester3851,test
tester3852,test
tester3853,test
tester3854,test
tester3855,test
tester3856,test
tester3857,test
tester3858,test
tester3859,test
tester3860,test
tester3861,test
tester3862,test
tester3863,test
tester3864,test
tester3865,test
tester3866,test
tester3867,test
tester3868,test
tester3869,test
tester3870,test
tester3871,test
tester3872,test
tester3873,test
tester3874,test
tester3875,test
tester3876,test
tester3877,test
tester3878,test
tester3879,test
tester3880,test
tester3881,test
tester3882,test
tester3883,test
tester3884,test
tester3885,test
tester3886,test
tester3887,test
tester3888,test
tester3889,test
tester3890,test
tester3891,test
tester3892,test
tester3893,test
tester3894,test
tester3895,test
tester3896,test
tester3897,test
tester3898,test
tester3899,test
tester3900,test
tester3901,test
tester3902,test
tester3903,test
tester3904,test
tester3905,test
tester3906,test
tester3907,test
tester3908,test
tester3909,test
tester3910,test
tester3911,test
tester3912,test
tester3913,test
tester3914,test
tester3915,test
tester3916,test
tester3917,test
tester3918,test
tester3919,test
tester3920,test
tester3921,test
tester3922,test
tester3923,test
tester3924,test
tester3925,test
tester3926,test
tester3927,test
tester3928,test
tester3929,test
tester3930,test
tester3931,test
tester3932,test
tester3933,test
tester3934,test
tester3935,test
tester3936,test
tester3937,test
tester3938,test
tester3939,test
tester3940,test
tester3941,test
tester3942,test
tester3943,test
tester3944,test
tester3945,test
tester3946,test
tester3947,test
tester3948,test
tester3949,test
tester3950,test
tester3951,test
tester3952,test
tester3953,test
tester3954,test
tester3955,test
tester3956,test
tester3957,test
tester3958,test
tester3959,test
tester3960,test
tester3961,test
tester3962,test
tester3963,test
tester3964,test
tester3965,test
tester3966,test
tester3967,test
tester3968,test
tester3969,test
tester3970,test
tester3971,test
tester3972,test
tester3973,test
tester3974,test
tester3975,test
tester3976,test
tester3977,test
tester3978,test
tester3979,test
tester3980,test
tester3981,test
tester3982,test
tester3983,test
tester3984,test
tester3985,test
tester3986,test
tester3987,test
tester3988,test
tester3989,test
tester3990,test
tester3991,test
tester3992,test
tester3993,test
tester3994,test
tester3995,test
tester3996,test
tester3997,test
tester3998,test
tester3999,test
tester4000,test
tester4001,test
tester4002,test
tester4003,test
tester4004,test
tester4005,test
tester4006,test
tester4007,test
tester4008,test
tester4009,test
tester4010,test
tester4011,test
tester4012,test
tester4013,test
tester4014,test
tester4015,test
tester4016,test
tester4017,test
tester4018,test
tester4019,test
tester4020,test
tester4021,test
tester4022,test
tester4023,test
tester4024,test
tester4025,test
tester4026,test
tester4027,test
tester4028,test
tester4029,test
tester4030,test
tester4031,test
tester4032,test
tester4033,test
tester4034,test
tester4035,test
tester4036,test
tester4037,test
tester4038,test
tester4039,test
tester4040,test
tester4041,test
tester4042,test
tester4043,test
tester4044,test
tester4045,test
tester4046,test
tester4047,test
tester4048,test
tester4049,test
tester4050,test
tester4051,test
tester4052,test
tester4053,test
tester4054,test
tester4055,test
tester4056,test
tester4057,test
tester4058,test
tester4059,test
tester4060,test
tester4061,test
tester4062,test
tester4063,test
tester4064,test
tester4065,test
tester4066,test
tester4067,test
tester4068,test
tester4069,test
tester4070,test
tester4071,test
tester4072,test
tester4073,test
tester4074,test
tester4075,test
tester4076,test
tester4077,test
tester4078,test
tester4079,test
tester4080,test
tester4081,test
tester4082,test
tester4083,test
tester4084,test
tester4085,test
tester4086,test
tester4087,test
tester4088,test
tester4089,test
tester4090,test
tester4091,test
tester4092,test
tester4093,test
tester4094,test
tester4095,test
tester4096,test
tester4097,test
tester4098,test
tester4099,test
tester4100,test
tester4101,test
tester4102,test
tester4103,test
tester4104,test
tester4105,test
tester4106,test
tester4107,test
tester4108,test
tester4109,test
tester4110,test
tester4111,test
tester4112,test
tester4113,test
tester4114,test
tester4115,test
tester4116,test
tester4117,test
tester4118,test
tester4119,test
tester4120,test
tester4121,test
tester4122,test
tester4123,test
tester4124,test
tester4125,test
tester4126,test
tester4127,test
tester4128,test
tester4129,test
tester4130,test
tester4131,test
tester4132,test
tester4133,test
tester4134,test
tester4135,test
tester4136,test
tester4137,test
tester4138,test
tester4139,test
tester4140,test
tester4141,test
tester4142,test
tester4143,test
tester4144,test
tester4145,test
tester4146,test
tester4147,test
tester4148,test
tester4149,test
tester4150,test
tester4151,test
tester4152,test
tester4153,test
tester4154,test
tester4155,test
tester4156,test
tester4157,test
tester4158,test
tester4159,test
tester4160,test
tester4161,test
tester4162,test
tester4163,test
tester4164,test
tester4165,test
tester4166,test
tester4167,test
tester4168,test
tester4169,test
tester4170,test
tester4171,test
tester4172,test
tester4173,test
tester4174,test
tester4175,test
tester4176,test
tester4177,test
tester4178,test
tester4179,test
tester4180,test
tester4181,test
tester4182,test
tester4183,test
tester4184,test
tester4185,test
tester4186,test
tester4187,test
tester4188,test
tester4189,test
tester4190,test
tester4191,test
tester4192,test
tester4193,test
tester4194,test
tester4195,test
tester4196,test
tester4197,test
tester4198,test
tester4199,test
tester4200,test
tester4201,test
tester4202,test
tester4203,test
tester4204,test
tester4205,test
tester4206,test
tester4207,test
tester4208,test
tester4209,test
tester4210,test
tester4211,test
tester4212,test
tester4213,test
tester4214,test
tester4215,test
tester4216,test
tester4217,test
tester4218,test
tester4219,test
tester4220,test
tester4221,test
tester4222,test
tester4223,test
tester4224,test
tester4225,test
tester4226,test
tester4227,test
tester4228,test
tester4229,test
tester4230,test
tester4231,test
tester4232,test
tester4233,test
tester4234,test
tester4235,test
tester4236,test
tester4237,test
tester4238,test
tester4239,test
tester4240,test
tester4241,test
tester4242,test
tester4243,test
tester4244,test
tester4245,test
tester4246,test
tester4247,test
tester4248,test
tester4249,test
tester4250,test
tester4251,test
tester4252,test
tester4253,test
tester4254,test
tester4255,test
tester4256,test
tester4257,test
tester4258,test
tester4259,test
tester4260,test
tester4261,test
tester4262,test
tester4263,test
tester4264,test
tester4265,test
tester4266,test
tester4267,test
tester4268,test
tester4269,test
tester4270,test
tester4271,test
tester4272,test
tester4273,test
tester4274,test
tester4275,test
tester4276,test
tester4277,test
tester4278,test
tester4279,test
tester4280,test
tester4281,test
tester4282,test
tester4283,test
tester4284,test
tester4285,test
tester4286,test
tester4287,test
tester4288,test
tester4289,test
tester4290,test
tester4291,test
tester4292,test
tester4293,test
tester4294,test
tester4295,test
tester4296,test
tester4297,test
tester4298,test
tester4299,test
tester4300,test
tester4301,test
tester4302,test
tester4303,test
tester4304,test
tester4305,test
tester4306,test
tester4307,test
tester4308,test
tester4309,test
tester4310,test
tester4311,test
tester4312,test
tester4313,test
tester4314,test
tester4315,test
tester4316,test
tester4317,test
tester4318,test
tester4319,test
tester4320,test
tester4321,test
tester4322,test
tester4323,test
tester4324,test
tester4325,test
tester4326,test
tester4327,test
tester4328,test
tester4329,test
tester4330,test
tester4331,test
tester4332,test
tester4333,test
tester4334,test
tester4335,test
tester4336,test
tester4337,test
tester4338,test
tester4339,test
tester4340,test
tester4341,test
tester4342,test
tester4343,test
tester4344,test
tester4345,test
tester4346,test
tester4347,test
tester4348,test
tester4349,test
tester4350,test
tester4351,test
tester4352,test
tester4353,test
tester4354,test
tester4355,test
tester4356,test
tester4357,test
tester4358,test
tester4359,test
tester4360,test
tester4361,test
tester4362,test
tester4363,test
tester4364,test
tester4365,test
tester4366,test
tester4367,test
tester4368,test
tester4369,test
tester4370,test
tester4371,test
tester4372,test
tester4373,test
tester4374,test
tester4375,test
tester4376,test
tester4377,test
tester4378,test
tester4379,test
tester4380,test
tester4381,test
tester4382,test
tester4383,test
tester4384,test
tester4385,test
tester4386,test
tester4387,test
tester4388,test
tester4389,test
tester4390,test
tester4391,test
tester4392,test
tester4393,test
tester4394,test
tester4395,test
tester4396,test
tester4397,test
tester4398,test
tester4399,test
tester4400,test
tester4401,test
tester4402,test
tester4403,test
tester4404,test
tester4405,test
tester4406,test
tester4407,test
tester4408,test
tester4409,test
tester4410,test
tester4411,test
tester4412,test
tester4413,test
tester4414,test
tester4415,test
tester4416,test
tester4417,test
tester4418,test
tester4419,test
tester4420,test
tester4421,test
tester4422,test
tester4423,test
tester4424,test
tester4425,test
tester4426,test
tester4427,test
tester4428,test
tester4429,test
tester4430,test
tester4431,test
tester4432,test
tester4433,test
tester4434,test
tester4435,test
tester4436,test
tester4437,test
tester4438,test
tester4439,test
tester4440,test
tester4441,test
tester4442,test
tester4443,test
tester4444,test
tester4445,test
tester4446,test
tester4447,test
tester4448,test
tester4449,test
tester4450,test
tester4451,test
tester4452,test
tester4453,test
tester4454,test
tester4455,test
tester4456,test
tester4457,test
tester4458,test
tester4459,test
tester4460,test
tester4461,test
tester4462,test
tester4463,test
tester4464,test
tester4465,test
tester4466,test
tester4467,test
tester4468,test
tester4469,test
tester4470,test
tester4471,test
tester4472,test
tester4473,test
tester4474,test
tester4475,test
tester4476,test
tester4477,test
tester4478,test
tester4479,test
tester4480,test
tester4481,test
tester4482,test
tester4483,test
tester4484,test
tester4485,test
tester4486,test
tester4487,test
tester4488,test
tester4489,test
tester4490,test
tester4491,test
tester4492,test
tester4493,test
tester4494,test
tester4495,test
tester4496,test
tester4497,test
tester4498,test
tester4499,test
tester4500,test
tester4501,test
tester4502,test
tester4503,test
tester4504,test
tester4505,test
tester4506,test
tester4507,test
tester4508,test
tester4509,test
tester4510,test
tester4511,test
tester4512,test
tester4513,test
tester4514,test
tester4515,test
tester4516,test
tester4517,test
tester4518,test
tester4519,test
tester4520,test
tester4521,test
tester4522,test
tester4523,test
tester4524,test
tester4525,test
tester4526,test
tester4527,test
tester4528,test
tester4529,test
tester4530,test
tester4531,test
tester4532,test
tester4533,test
tester4534,test
tester4535,test
tester4536,test
tester4537,test
tester4538,test
tester4539,test
tester4540,test
tester4541,test
tester4542,test
tester4543,test
tester4544,test
tester4545,test
tester4546,test
tester4547,test
tester4548,test
tester4549,test
tester4550,test
tester4551,test
tester4552,test
tester4553,test
tester4554,test
tester4555,test
tester4556,test
tester4557,test
tester4558,test
tester4559,test
tester4560,test
tester4561,test
tester4562,test
tester4563,test
tester4564,test
tester4565,test
tester4566,test
tester4567,test
tester4568,test
tester4569,test
tester4570,test
tester4571,test
tester4572,test
tester4573,test
tester4574,test
tester4575,test
tester4576,test
tester4577,test
tester4578,test
tester4579,test
tester4580,test
tester4581,test
tester4582,test
tester4583,test
tester4584,test
tester4585,test
tester4586,test
tester4587,test
tester4588,test
tester4589,test
tester4590,test
tester4591,test
tester4592,test
tester4593,test
tester4594,test
tester4595,test
tester4596,test
tester4597,test
tester4598,test
tester4599,test
tester4600,test
tester4601,test
tester4602,test
tester4603,test
tester4604,test
tester4605,test
tester4606,test
tester4607,test
tester4608,test
tester4609,test
tester4610,test
tester4611,test
tester4612,test
tester4613,test
tester4614,test
tester4615,test
tester4616,test
tester4617,test
tester4618,test
tester4619,test
tester4620,test
tester4621,test
tester4622,test
tester4623,test
tester4624,test
tester4625,test
tester4626,test
tester4627,test
tester4628,test
tester4629,test
tester4630,test
tester4631,test
tester4632,test
tester4633,test
tester4634,test
tester4635,test
tester4636,test
tester4637,test
tester4638,test
tester4639,test
tester4640,test
tester4641,test
tester4642,test
tester4643,test
tester4644,test
tester4645,test
tester4646,test
tester4647,test
tester4648,test
tester4649,test
tester4650,test
tester4651,test
tester4652,test
tester4653,test
tester4654,test
tester4655,test
tester4656,test
tester4657,test
tester4658,test
tester4659,test
tester4660,test
tester4661,test
tester4662,test
tester4663,test
tester4664,test
tester4665,test
tester4666,test
tester4667,test
tester4668,test
tester4669,test
tester4670,test
tester4671,test
tester4672,test
tester4673,test
tester4674,test
tester4675,test
tester4676,test
tester4677,test
tester4678,test
tester4679,test
tester4680,test
tester4681,test
tester4682,test
tester4683,test
tester4684,test
tester4685,test
tester4686,test
tester4687,test
tester4688,test
tester4689,test
tester4690,test
tester4691,test
tester4692,test
tester4693,test
tester4694,test
tester4695,test
tester4696,test
tester4697,test
tester4698,test
tester4699,test
tester4700,test
tester4701,test
tester4702,test
tester4703,test
tester4704,test
tester4705,test
tester4706,test
tester4707,test
tester4708,test
tester4709,test
tester4710,test
tester4711,test
tester4712,test
tester4713,test
tester4714,test
tester4715,test
tester4716,test
tester4717,test
tester4718,test
tester4719,test
tester4720,test
tester4721,test
tester4722,test
tester4723,test
tester4724,test
tester4725,test
tester4726,test
tester4727,test
tester4728,test
tester4729,test
tester4730,test
tester4731,test
tester4732,test
tester4733,test
tester4734,test
tester4735,test
tester4736,test
tester4737,test
tester4738,test
tester4739,test
tester4740,test
tester4741,test
tester4742,test
tester4743,test
tester4744,test
tester4745,test
tester4746,test
tester4747,test
tester4748,test
tester4749,test
tester4750,test
tester4751,test
tester4752,test
tester4753,test
tester4754,test
tester4755,test
tester4756,test
tester4757,test
tester4758,test
tester4759,test
tester4760,test
tester4761,test
tester4762,test
tester4763,test
tester4764,test
tester4765,test
tester4766,test
tester4767,test
tester4768,test
tester4769,test
tester4770,test
tester4771,test
tester4772,test
tester4773,test
tester4774,test
tester4775,test
tester4776,test
tester4777,test
tester4778,test
tester4779,test
tester4780,test
tester4781,test
tester4782,test
tester4783,test
tester4784,test
tester4785,test
tester4786,test
tester4787,test
tester4788,test
tester4789,test
tester4790,test
tester4791,test
tester4792,test
tester4793,test
tester4794,test
tester4795,test
tester4796,test
tester4797,test
tester4798,test
tester4799,test
tester4800,test
tester4801,test
tester4802,test
tester4803,test
tester4804,test
tester4805,test
tester4806,test
tester4807,test
tester4808,test
tester4809,test
tester4810,test
tester4811,test
tester4812,test
tester4813,test
tester4814,test
tester4815,test
tester4816,test
tester4817,test
tester4818,test
tester4819,test
tester4820,test
tester4821,test
tester4822,test
tester4823,test
tester4824,test
tester4825,test
tester4826,test
tester4827,test
tester4828,test
tester4829,test
tester4830,test
tester4831,test
tester4832,test
tester4833,test
tester4834,test
tester4835,test
tester4836,test
tester4837,test
tester4838,test
tester4839,test
tester4840,test
tester4841,test
tester4842,test
tester4843,test
tester4844,test
tester4845,test
tester4846,test
tester4847,test
tester4848,test
tester4849,test
tester4850,test
tester4851,test
tester4852,test
tester4853,test
tester4854,test
tester4855,test
tester4856,test
tester4857,test
tester4858,test
tester4859,test
tester4860,test
tester4861,test
tester4862,test
tester4863,test
tester4864,test
tester4865,test
tester4866,test
tester4867,test
tester4868,test
tester4869,test
tester4870,test
tester4871,test
tester4872,test
tester4873,test
tester4874,test
tester4875,test
tester4876,test
tester4877,test
tester4878,test
tester4879,test
tester4880,test
tester4881,test
tester4882,test
tester4883,test
tester4884,test
tester4885,test
tester4886,test
tester4887,test
tester4888,test
tester4889,test
tester4890,test
tester4891,test
tester4892,test
tester4893,test
tester4894,test
tester4895,test
tester4896,test
tester4897,test
tester4898,test
tester4899,test
tester4900,test
tester4901,test
tester4902,test
tester4903,test
tester4904,test
tester4905,test
tester4906,test
tester4907,test
tester4908,test
tester4909,test
tester4910,test
tester4911,test
tester4912,test
tester4913,test
tester4914,test
tester4915,test
tester4916,test
tester4917,test
tester4918,test
tester4919,test
tester4920,test
tester4921,test
tester4922,test
tester4923,test
tester4924,test
tester4925,test
tester4926,test
tester4927,test
tester4928,test
tester4929,test
tester4930,test
tester4931,test
tester4932,test
tester4933,test
tester4934,test
tester4935,test
tester4936,test
tester4937,test
tester4938,test
tester4939,test
tester4940,test
tester4941,test
tester4942,test
tester4943,test
tester4944,test
tester4945,test
tester4946,test
tester4947,test
tester4948,test
tester4949,test
tester4950,test
tester4951,test
tester4952,test
tester4953,test
tester4954,test
tester4955,test
tester4956,test
tester4957,test
tester4958,test
tester4959,test
tester4960,test
tester4961,test
tester4962,test
tester4963,test
tester4964,test
tester4965,test
tester4966,test
tester4967,test
tester4968,test
tester4969,test
tester4970,test
tester4971,test
tester4972,test
tester4973,test
tester4974,test
tester4975,test
tester4976,test
tester4977,test
tester4978,test
tester4979,test
tester4980,test
tester4981,test
tester4982,test
tester4983,test
tester4984,test
tester4985,test
tester4986,test
tester4987,test
tester4988,test
tester4989,test
tester4990,test
tester4991,test
tester4992,test
tester4993,test
tester4994,test
tester4995,test
tester4996,test
tester4997,test
tester4998,test
tester4999,test
tester5000,test
tester5001,test
tester5002,test
tester5003,test
tester5004,test
tester5005,test
tester5006,test
tester5007,test
tester5008,test
tester5009,test
tester5010,test
tester5011,test
tester5012,test
tester5013,test
tester5014,test
tester5015,test
tester5016,test
tester5017,test
tester5018,test
tester5019,test
tester5020,test
tester5021,test
tester5022,test
tester5023,test
tester5024,test
tester5025,test
tester5026,test
tester5027,test
tester5028,test
tester5029,test
tester5030,test
tester5031,test
tester5032,test
tester5033,test
tester5034,test
tester5035,test
tester5036,test
tester5037,test
tester5038,test
tester5039,test
tester5040,test
tester5041,test
tester5042,test
tester5043,test
tester5044,test
tester5045,test
tester5046,test
tester5047,test
tester5048,test
tester5049,test
tester5050,test
tester5051,test
tester5052,test
tester5053,test
tester5054,test
tester5055,test
tester5056,test
tester5057,test
tester5058,test
tester5059,test
tester5060,test
tester5061,test
tester5062,test
tester5063,test
tester5064,test
tester5065,test
tester5066,test
tester5067,test
tester5068,test
tester5069,test
tester5070,test
tester5071,test
tester5072,test
tester5073,test
tester5074,test
tester5075,test
tester5076,test
tester5077,test
tester5078,test
tester5079,test
tester5080,test
tester5081,test
tester5082,test
tester5083,test
tester5084,test
tester5085,test
tester5086,test
tester5087,test
tester5088,test
tester5089,test
tester5090,test
tester5091,test
tester5092,test
tester5093,test
tester5094,test
tester5095,test
tester5096,test
tester5097,test
tester5098,test
tester5099,test
tester5100,test
tester5101,test
tester5102,test
tester5103,test
tester5104,test
tester5105,test
tester5106,test
tester5107,test
tester5108,test
tester5109,test
tester5110,test
tester5111,test
tester5112,test
tester5113,test
tester5114,test
tester5115,test
tester5116,test
tester5117,test
tester5118,test
tester5119,test
tester5120,test
tester5121,test
tester5122,test
tester5123,test
tester5124,test
tester5125,test
tester5126,test
tester5127,test
tester5128,test
tester5129,test
tester5130,test
tester5131,test
tester5132,test
tester5133,test
tester5134,test
tester5135,test
tester5136,test
tester5137,test
tester5138,test
tester5139,test
tester5140,test
tester5141,test
tester5142,test
tester5143,test
tester5144,test
tester5145,test
tester5146,test
tester5147,test
tester5148,test
tester5149,test
tester5150,test
tester5151,test
tester5152,test
tester5153,test
tester5154,test
tester5155,test
tester5156,test
tester5157,test
tester5158,test
tester5159,test
tester5160,test
tester5161,test
tester5162,test
tester5163,test
tester5164,test
tester5165,test
tester5166,test
tester5167,test
tester5168,test
tester5169,test
tester5170,test
tester5171,test
tester5172,test
tester5173,test
tester5174,test
tester5175,test
tester5176,test
tester5177,test
tester5178,test
tester5179,test
tester5180,test
tester5181,test
tester5182,test
tester5183,test
tester5184,test
tester5185,test
tester5186,test
tester5187,test
tester5188,test
tester5189,test
tester5190,test
tester5191,test
tester5192,test
tester5193,test
tester5194,test
tester5195,test
tester5196,test
tester5197,test
tester5198,test
tester5199,test
tester5200,test
tester5201,test
tester5202,test
tester5203,test
tester5204,test
tester5205,test
tester5206,test
tester5207,test
tester5208,test
tester5209,test
tester5210,test
tester5211,test
tester5212,test
tester5213,test
tester5214,test
tester5215,test
tester5216,test
tester5217,test
tester5218,test
tester5219,test
tester5220,test
tester5221,test
tester5222,test
tester5223,test
tester5224,test
tester5225,test
tester5226,test
tester5227,test
tester5228,test
tester5229,test
tester5230,test
tester5231,test
tester5232,test
tester5233,test
tester5234,test
tester5235,test
tester5236,test
tester5237,test
tester5238,test
tester5239,test
tester5240,test
tester5241,test
tester5242,test
tester5243,test
tester5244,test
tester5245,test
tester5246,test
tester5247,test
tester5248,test
tester5249,test
tester5250,test
tester5251,test
tester5252,test
tester5253,test
tester5254,test
tester5255,test
tester5256,test
tester5257,test
tester5258,test
tester5259,test
tester5260,test
tester5261,test
tester5262,test
tester5263,test
tester5264,test
tester5265,test
tester5266,test
tester5267,test
tester5268,test
tester5269,test
tester5270,test
tester5271,test
tester5272,test
tester5273,test
tester5274,test
tester5275,test
tester5276,test
tester5277,test
tester5278,test
tester5279,test
tester5280,test
tester5281,test
tester5282,test
tester5283,test
tester5284,test
tester5285,test
tester5286,test
tester5287,test
tester5288,test
tester5289,test
tester5290,test
tester5291,test
tester5292,test
tester5293,test
tester5294,test
tester5295,test
tester5296,test
tester5297,test
tester5298,test
tester5299,test
tester5300,test
tester5301,test
tester5302,test
tester5303,test
tester5304,test
tester5305,test
tester5306,test
tester5307,test
tester5308,test
tester5309,test
tester5310,test
tester5311,test
tester5312,test
tester5313,test
tester5314,test
tester5315,test
tester5316,test
tester5317,test
tester5318,test
tester5319,test
tester5320,test
tester5321,test
tester5322,test
tester5323,test
tester5324,test
tester5325,test
tester5326,test
tester5327,test
tester5328,test
tester5329,test
tester5330,test
tester5331,test
tester5332,test
tester5333,test
tester5334,test
tester5335,test
tester5336,test
tester5337,test
tester5338,test
tester5339,test
tester5340,test
tester5341,test
tester5342,test
tester5343,test
tester5344,test
tester5345,test
tester5346,test
tester5347,test
tester5348,test
tester5349,test
tester5350,test
tester5351,test
tester5352,test
tester5353,test
tester5354,test
tester5355,test
tester5356,test
tester5357,test
tester5358,test
tester5359,test
tester5360,test
tester5361,test
tester5362,test
tester5363,test
tester5364,test
tester5365,test
tester5366,test
tester5367,test
tester5368,test
tester5369,test
tester5370,test
tester5371,test
tester5372,test
tester5373,test
tester5374,test
tester5375,test
tester5376,test
tester5377,test
tester5378,test
tester5379,test
tester5380,test
tester5381,test
tester5382,test
tester5383,test
tester5384,test
tester5385,test
tester5386,test
tester5387,test
tester5388,test
tester5389,test
tester5390,test
tester5391,test
tester5392,test
tester5393,test
tester5394,test
tester5395,test
tester5396,test
tester5397,test
tester5398,test
tester5399,test
tester5400,test
tester5401,test
tester5402,test
tester5403,test
tester5404,test
tester5405,test
tester5406,test
tester5407,test
tester5408,test
tester5409,test
tester5410,test
tester5411,test
tester5412,test
tester5413,test
tester5414,test
tester5415,test
tester5416,test
tester5417,test
tester5418,test
tester5419,test
tester5420,test
tester5421,test
tester5422,test
tester5423,test
tester5424,test
tester5425,test
tester5426,test
tester5427,test
tester5428,test
tester5429,test
tester5430,test
tester5431,test
tester5432,test
tester5433,test
tester5434,test
tester5435,test
tester5436,test
tester5437,test
tester5438,test
tester5439,test
tester5440,test
tester5441,test
tester5442,test
tester5443,test
tester5444,test
tester5445,test
tester5446,test
tester5447,test
tester5448,test
tester5449,test
tester5450,test
tester5451,test
tester5452,test
tester5453,test
tester5454,test
tester5455,test
tester5456,test
tester5457,test
tester5458,test
tester5459,test
tester5460,test
tester5461,test
tester5462,test
tester5463,test
tester5464,test
tester5465,test
tester5466,test
tester5467,test
tester5468,test
tester5469,test
tester5470,test
tester5471,test
tester5472,test
tester5473,test
tester5474,test
tester5475,test
tester5476,test
tester5477,test
tester5478,test
tester5479,test
tester5480,test
tester5481,test
tester5482,test
tester5483,test
tester5484,test
tester5485,test
tester5486,test
tester5487,test
tester5488,test
tester5489,test
tester5490,test
tester5491,test
tester5492,test
tester5493,test
tester5494,test
tester5495,test
tester5496,test
tester5497,test
tester5498,test
tester5499,test
tester5500,test
tester5501,test
tester5502,test
tester5503,test
tester5504,test
tester5505,test
tester5506,test
tester5507,test
tester5508,test
tester5509,test
tester5510,test
tester5511,test
tester5512,test
tester5513,test
tester5514,test
tester5515,test
tester5516,test
tester5517,test
tester5518,test
tester5519,test
tester5520,test
tester5521,test
tester5522,test
tester5523,test
tester5524,test
tester5525,test
tester5526,test
tester5527,test
tester5528,test
tester5529,test
tester5530,test
tester5531,test
tester5532,test
tester5533,test
tester5534,test
tester5535,test
tester5536,test
tester5537,test
tester5538,test
tester5539,test
tester5540,test
tester5541,test
tester5542,test
tester5543,test
tester5544,test
tester5545,test
tester5546,test
tester5547,test
tester5548,test
tester5549,test
tester5550,test
tester5551,test
tester5552,test
tester5553,test
tester5554,test
tester5555,test
tester5556,test
tester5557,test
tester5558,test
tester5559,test
tester5560,test
tester5561,test
tester5562,test
tester5563,test
tester5564,test
tester5565,test
tester5566,test
tester5567,test
tester5568,test
tester5569,test
tester5570,test
tester5571,test
tester5572,test
tester5573,test
tester5574,test
tester5575,test
tester5576,test
tester5577,test
tester5578,test
tester5579,test
tester5580,test
tester5581,test
tester5582,test
tester5583,test
tester5584,test
tester5585,test
tester5586,test
tester5587,test
tester5588,test
tester5589,test
tester5590,test
tester5591,test
tester5592,test
tester5593,test
tester5594,test
tester5595,test
tester5596,test
tester5597,test
tester5598,test
tester5599,test
tester5600,test
tester5601,test
tester5602,test
tester5603,test
tester5604,test
tester5605,test
tester5606,test
tester5607,test
tester5608,test
tester5609,test
tester5610,test
tester5611,test
tester5612,test
tester5613,test
tester5614,test
tester5615,test
tester5616,test
tester5617,test
tester5618,test
tester5619,test
tester5620,test
tester5621,test
tester5622,test
tester5623,test
tester5624,test
tester5625,test
tester5626,test
tester5627,test
tester5628,test
tester5629,test
tester5630,test
tester5631,test
tester5632,test
tester5633,test
tester5634,test
tester5635,test
tester5636,test
tester5637,test
tester5638,test
tester5639,test
tester5640,test
tester5641,test
tester5642,test
tester5643,test
tester5644,test
tester5645,test
tester5646,test
tester5647,test
tester5648,test
tester5649,test
tester5650,test
tester5651,test
tester5652,test
tester5653,test
tester5654,test
tester5655,test
tester5656,test
tester5657,test
tester5658,test
tester5659,test
tester5660,test
tester5661,test
tester5662,test
tester5663,test
tester5664,test
tester5665,test
tester5666,test
tester5667,test
tester5668,test
tester5669,test
tester5670,test
tester5671,test
tester5672,test
tester5673,test
tester5674,test
tester5675,test
tester5676,test
tester5677,test
tester5678,test
tester5679,test
tester5680,test
tester5681,test
tester5682,test
tester5683,test
tester5684,test
tester5685,test
tester5686,test
tester5687,test
tester5688,test
tester5689,test
tester5690,test
tester5691,test
tester5692,test
tester5693,test
tester5694,test
tester5695,test
tester5696,test
tester5697,test
tester5698,test
tester5699,test
tester5700,test
tester5701,test
tester5702,test
tester5703,test
tester5704,test
tester5705,test
tester5706,test
tester5707,test
tester5708,test
tester5709,test
tester5710,test
tester5711,test
tester5712,test
tester5713,test
tester5714,test
tester5715,test
tester5716,test
tester5717,test
tester5718,test
tester5719,test
tester5720,test
tester5721,test
tester5722,test
tester5723,test
tester5724,test
tester5725,test
tester5726,test
tester5727,test
tester5728,test
tester5729,test
tester5730,test
tester5731,test
tester5732,test
tester5733,test
tester5734,test
tester5735,test
tester5736,test
tester5737,test
tester5738,test
tester5739,test
tester5740,test
tester5741,test
tester5742,test
tester5743,test
tester5744,test
tester5745,test
tester5746,test
tester5747,test
tester5748,test
tester5749,test
tester5750,test
tester5751,test
tester5752,test
tester5753,test
tester5754,test
tester5755,test
tester5756,test
tester5757,test
tester5758,test
tester5759,test
tester5760,test
tester5761,test
tester5762,test
tester5763,test
tester5764,test
tester5765,test
tester5766,test
tester5767,test
tester5768,test
tester5769,test
tester5770,test
tester5771,test
tester5772,test
tester5773,test
tester5774,test
tester5775,test
tester5776,test
tester5777,test
tester5778,test
tester5779,test
tester5780,test
tester5781,test
tester5782,test
tester5783,test
tester5784,test
tester5785,test
tester5786,test
tester5787,test
tester5788,test
tester5789,test
tester5790,test
tester5791,test
tester5792,test
tester5793,test
tester5794,test
tester5795,test
tester5796,test
tester5797,test
tester5798,test
tester5799,test
tester5800,test
tester5801,test
tester5802,test
tester5803,test
tester5804,test
tester5805,test
tester5806,test
tester5807,test
tester5808,test
tester5809,test
tester5810,test
tester5811,test
tester5812,test
tester5813,test
tester5814,test
tester5815,test
tester5816,test
tester5817,test
tester5818,test
tester5819,test
tester5820,test
tester5821,test
tester5822,test
tester5823,test
tester5824,test
tester5825,test
tester5826,test
tester5827,test
tester5828,test
tester5829,test
tester5830,test
tester5831,test
tester5832,test
tester5833,test
tester5834,test
tester5835,test
tester5836,test
tester5837,test
tester5838,test
tester5839,test
tester5840,test
tester5841,test
tester5842,test
tester5843,test
tester5844,test
tester5845,test
tester5846,test
tester5847,test
tester5848,test
tester5849,test
tester5850,test
tester5851,test
tester5852,test
tester5853,test
tester5854,test
tester5855,test
tester5856,test
tester5857,test
tester5858,test
tester5859,test
tester5860,test
tester5861,test
tester5862,test
tester5863,test
tester5864,test
tester5865,test
tester5866,test
tester5867,test
tester5868,test
tester5869,test
tester5870,test
tester5871,test
tester5872,test
tester5873,test
tester5874,test
tester5875,test
tester5876,test
tester5877,test
tester5878,test
tester5879,test
tester5880,test
tester5881,test
tester5882,test
tester5883,test
tester5884,test
tester5885,test
tester5886,test
tester5887,test
tester5888,test
tester5889,test
tester5890,test
tester5891,test
tester5892,test
tester5893,test
tester5894,test
tester5895,test
tester5896,test
tester5897,test
tester5898,test
tester5899,test
tester5900,test
tester5901,test
tester5902,test
tester5903,test
tester5904,test
tester5905,test
tester5906,test
tester5907,test
tester5908,test
tester5909,test
tester5910,test
tester5911,test
tester5912,test
tester5913,test
tester5914,test
tester5915,test
tester5916,test
tester5917,test
tester5918,test
tester5919,test
tester5920,test
tester5921,test
tester5922,test
tester5923,test
tester5924,test
tester5925,test
tester5926,test
tester5927,test
tester5928,test
tester5929,test
tester5930,test
tester5931,test
tester5932,test
tester5933,test
tester5934,test
tester5935,test
tester5936,test
tester5937,test
tester5938,test
tester5939,test
tester5940,test
tester5941,test
tester5942,test
tester5943,test
tester5944,test
tester5945,test
tester5946,test
tester5947,test
tester5948,test
tester5949,test
tester5950,test
tester5951,test
tester5952,test
tester5953,test
tester5954,test
tester5955,test
tester5956,test
tester5957,test
tester5958,test
tester5959,test
tester5960,test
tester5961,test
tester5962,test
tester5963,test
tester5964,test
tester5965,test
tester5966,test
tester5967,test
tester5968,test
tester5969,test
tester5970,test
tester5971,test
tester5972,test
tester5973,test
tester5974,test
tester5975,test
tester5976,test
tester5977,test
tester5978,test
tester5979,test
tester5980,test
tester5981,test
tester5982,test
tester5983,test
tester5984,test
tester5985,test
tester5986,test
tester5987,test
tester5988,test
tester5989,test
tester5990,test
tester5991,test
tester5992,test
tester5993,test
tester5994,test
tester5995,test
tester5996,test
tester5997,test
tester5998,test
tester5999,test
tester6000,test
