aa1549,./content/2626920367_c4032032a1_o.jpg,image/jpeg,2.2M
aa2014,./content/2626920367_dc33635377_m.jpg,image/jpeg,21K
aa2457,./content/2626920367_dc33635377_s.jpg,image/jpeg,4.1K
aa4526,./content/3504568182_ea1906775c_m.jpg,image/jpeg,564K
aa4723,./content/3504568182_ea1906775c_z.jpg,image/jpeg,628K
aa5355,./content/3633120820_986c05c263_o.jpg,image/jpeg,2.3M
aa6946,./content/3633120820_99bc665f42_t.jpg,image/jpeg,14K
aa7404,./content/Basics_Workshop_Perpich.doc,application/msword,42K
aa7747,./content/Sakai_Osaka_Wikipedia.pdf,application/pdf,1.2M
ab1177,./content/Sakai_Project.html,text/html,43K
ab4543,./content/Sakai_Project_Wikipedia.pdf,application/pdf,56K
ab5798,./content/Sakai_Station_Wikipedia.pdf,application/pdf,175K
ab7096,./content/Sakai_name_Wikipedia.pdf,application/pdf,82K
ab9096,./content/ServingCustomContent_SakaiHelpTool.doc,application/msword,92K
ab9225,./content/Training_Info_Perpich.doc,application/msword,68K
