aa1549,test
aa2014,test
aa2457,test
aa4526,test
aa4723,test
aa5355,test
aa6946,test
aa7404,test
aa7747,test
ab1177,test
ab4543,test
ab5798,test
ab7096,test
ab9096,test
ab9225,test
ac1146,test
ac2108,test
ac3212,test
ac3569,test
ac4448,test
ac4571,test
ac4620,test
ac5780,test
ac7140,test
ac9315,test
ad1083,test
ad1176,test
ad2899,test
ad3248,test
ad3737,test
ad5401,test
ad5462,test
ad5950,test
ad6340,test
ad6358,test
ad6948,test
ad7889,test
ad8477,test
ad9546,test
ae1293,test
ae1700,test
ae4837,test
ae5412,test
ae7005,test
ae9321,test
af1650,test
af1713,test
af2367,test
af2606,test
af2622,test
af2789,test
af2914,test
af4142,test
af5031,test
af7410,test
af8103,test
af8615,test
af9578,test
ag1179,test
ag2790,test
ag3895,test
ag4532,test
ag5622,test
ag6012,test
ag7104,test
ag9401,test
ag9914,test
ah3500,test
ah4299,test
ah4757,test
ah5554,test
ah7001,test
ah7514,test
ah7976,test
ah8488,test
ah8899,test
ai2433,test
ai3879,test
ai5069,test
ai6253,test
ai7087,test
ai7787,test
ai7898,test
ai8456,test
ai8640,test
ai9235,test
aj1211,test
aj1598,test
aj2962,test
aj3730,test
aj4686,test
aj5623,test
aj7606,test
aj8549,test
aj9181,test
ak1669,test
ak2398,test
ak3478,test
ak4027,test
ak5044,test
ak6124,test
ak8228,test
ak8897,test
ak8994,test
al2265,test
al3683,test
al4117,test
al6643,test
al7364,test
al8565,test
al8737,test
am3018,test
am3166,test
am3168,test
am4101,test
am5999,test
am6873,test
am7085,test
am9131,test
am9622,test
am9707,test
am9760,test
an1018,test
an2046,test
an2784,test
an2986,test
an3078,test
an4992,test
an5338,test
an7054,test
an9567,test
an9975,test
ao1024,test
ao1175,test
ao1434,test
ao2490,test
ao3129,test
ao6769,test
ao6821,test
ao7218,test
ao7271,test
ao8611,test
ao8614,test
ao8774,test
ao9203,test
ao9686,test
ao9889,test
ap1842,test
ap1905,test
ap2810,test
ap3619,test
ap4401,test
ap4765,test
ap6524,test
ap7922,test
ap9116,test
ap9610,test
aq4482,test
aq4595,test
aq4763,test
aq5389,test
aq6482,test
aq7387,test
aq7877,test
aq8940,test
aq9131,test
aq9233,test
ar1973,test
ar2006,test
ar2821,test
ar5918,test
ar7329,test
ar8057,test
as1314,test
as3548,test
as3662,test
as5234,test
as5377,test
as5435,test
as6007,test
as6699,test
as8757,test
at2522,test
at3206,test
at4812,test
at4944,test
at5939,test
at6232,test
at6967,test
at7834,test
at8670,test
at8993,test
at9727,test
au3844,test
au5770,test
au6551,test
au8873,test
av1209,test
av2281,test
av3053,test
av3435,test
av4173,test
av6717,test
av6754,test
av6982,test
av7093,test
av7234,test
av8314,test
av8843,test
av9049,test
av9183,test
av9444,test
av9738,test
aw2385,test
aw3884,test
aw4294,test
aw5424,test
aw6595,test
aw9821,test
ax1351,test
ax2135,test
ax2607,test
ax2688,test
ax4284,test
ax7918,test
ax9054,test
ay1182,test
ay1797,test
ay2587,test
ay3074,test
ay4190,test
ay4279,test
ay5331,test
ay5506,test
ay7082,test
ay7631,test
ay7989,test
ay8846,test
ay9329,test
az3993,test
az7312,test
az8607,test
az8628,test
az8884,test
ba2915,test
ba4082,test
ba5189,test
ba5329,test
ba5884,test
ba5994,test
ba7586,test
ba7748,test
bb1918,test
bb2307,test
bb3994,test
bb5028,test
bb5121,test
bb5126,test
bb5415,test
bb5850,test
bb6048,test
bb6146,test
bb6366,test
bb7581,test
bb8098,test
bb9372,test
bc1132,test
bc1663,test
bc1690,test
bc2656,test
bc3409,test
bc4451,test
bc4584,test
bc4944,test
bc5473,test
bc7306,test
bc8471,test
bc9799,test
bd1779,test
bd2101,test
bd2261,test
bd2695,test
bd4481,test
bd4687,test
bd4863,test
bd5413,test
be1058,test
be1693,test
be3940,test
be4590,test
be4685,test
be4722,test
be4843,test
be5051,test
be5621,test
bf2190,test
bf2706,test
bf4100,test
bf4894,test
bf7287,test
bf8846,test
bf9083,test
bg1199,test
bg3310,test
bg4320,test
bg4735,test
bg4905,test
bg5483,test
bg5687,test
bg6485,test
bg6531,test
bg7565,test
bg9722,test
bh2818,test
bh3550,test
bh4053,test
bh4120,test
bh5400,test
bh6366,test
bh6404,test
bh6596,test
bh7793,test
bh8515,test
bi4280,test
bi5109,test
bi6167,test
bi8817,test
bi9005,test
bi9462,test
bj1633,test
bj4305,test
bj5063,test
bj5505,test
bj5670,test
bj6533,test
bj9435,test
bj9727,test
bj9935,test
bk4240,test
bk5390,test
bk5757,test
bk8433,test
bk9501,test
bk9890,test
bl1019,test
bl2668,test
bl5070,test
bl5396,test
bl6116,test
bl6965,test
bl7508,test
bl7895,test
bm1464,test
bm1633,test
bm1844,test
bm2327,test
bm4539,test
bm4636,test
bm5441,test
bm5866,test
bm7840,test
bn1885,test
bn5418,test
bn5578,test
bn6441,test
bn6455,test
bn6949,test
bn7378,test
bn7513,test
bn8482,test
bn9003,test
bn9427,test
bn9626,test
bo1609,test
bo2964,test
bo2977,test
bo3920,test
bo5356,test
bo5520,test
bo8773,test
bo9401,test
bo9422,test
bo9878,test
bp2348,test
bp2392,test
bp4928,test
bp6684,test
bp7296,test
bp8365,test
bp9487,test
bp9992,test
bq1097,test
bq1738,test
bq4234,test
bq4957,test
bq8077,test
br1941,test
br2405,test
br2930,test
br3093,test
br3144,test
br3227,test
br3991,test
br5164,test
br6221,test
br6238,test
br6448,test
br7285,test
br7637,test
br8743,test
br9303,test
br9304,test
bs1086,test
bs2175,test
bs2575,test
bs3806,test
bs4076,test
bs4838,test
bs4953,test
bs6344,test
bt1933,test
bt2152,test
bt2600,test
bt4009,test
bt4464,test
bt5180,test
bt5989,test
bt6541,test
bt6921,test
bt8830,test
bt9732,test
bu1424,test
bu1792,test
bu2645,test
bu3912,test
bu4322,test
bu7593,test
bu8045,test
bu8871,test
bu9936,test
bu9975,test
bv3209,test
bv4923,test
bv5726,test
bv7169,test
bv7916,test
bv8405,test
bv8635,test
bv8826,test
bv8938,test
bv9046,test
bv9643,test
bw2074,test
bw4616,test
bw7602,test
bw7612,test
bw8688,test
bw8877,test
bw8917,test
bw9557,test
bx2423,test
bx2745,test
bx3012,test
bx5128,test
bx5553,test
bx5883,test
bx6674,test
bx7483,test
bx7752,test
bx7767,test
bx7887,test
bx8336,test
bx9407,test
bx9577,test
bx9771,test
bx9923,test
by1916,test
by3539,test
by5126,test
by6340,test
by6342,test
by6462,test
by6659,test
by8053,test
by9018,test
by9516,test
by9608,test
bz2373,test
bz2787,test
bz3114,test
bz4097,test
bz5108,test
bz5513,test
bz6640,test
bz7015,test
bz7486,test
ca1429,test
ca3528,test
ca4577,test
ca4624,test
ca4776,test
ca4803,test
ca6725,test
ca6827,test
ca8449,test
cb1554,test
cb4393,test
cb5388,test
cb5589,test
cb5754,test
cb6950,test
cb7279,test
cb9400,test
cb9606,test
cc2146,test
cc2628,test
cc3363,test
cc4003,test
cc5140,test
cc5545,test
cc6185,test
cc9052,test
cd1318,test
cd2001,test
cd3102,test
cd3110,test
cd5814,test
cd6299,test
cd6411,test
ce1179,test
ce1485,test
ce1681,test
ce5578,test
ce5816,test
ce8015,test
ce9206,test
cf1590,test
cf1793,test
cf1994,test
cf2496,test
cf4335,test
cf4416,test
cf4617,test
cf5832,test
cf6436,test
cf6549,test
cf8785,test
cg1176,test
cg1388,test
cg1593,test
cg1754,test
cg4753,test
cg6799,test
ch1750,test
ch4201,test
ch4646,test
ch4836,test
ch5429,test
ch7407,test
ci2419,test
ci3209,test
ci5905,test
ci6038,test
ci7245,test
ci7360,test
ci7977,test
ci8213,test
cj2043,test
cj2492,test
cj3515,test
cj5271,test
cj6287,test
cj6511,test
cj7157,test
cj7833,test
cj8420,test
cj8707,test
cj9308,test
cj9465,test
ck1764,test
ck2274,test
ck4246,test
ck4626,test
ck5330,test
ck5502,test
ck6150,test
ck7640,test
ck8113,test
ck9034,test
cl1382,test
cl2117,test
cl2911,test
cl3264,test
cl3381,test
cl3396,test
cl6083,test
cl6433,test
cl7074,test
cl7282,test
cm3368,test
cm5683,test
cm6102,test
cm6751,test
cm7368,test
cm7706,test
cm9648,test
cn4653,test
cn4913,test
cn5591,test
cn6152,test
cn6961,test
cn8721,test
co3779,test
co4451,test
co4978,test
co6264,test
co8276,test
co9684,test
cp4191,test
cp4403,test
cp5008,test
cp5369,test
cp5580,test
cp5624,test
cp6971,test
cp9423,test
cp9642,test
cq1148,test
cq1391,test
cq3646,test
cq4086,test
cq4126,test
cq4165,test
cq4353,test
cq4473,test
cq6182,test
cq7366,test
cq9280,test
cr4253,test
cr6202,test
cr7428,test
cr7646,test
cr8123,test
cr8468,test
cr8715,test
cs1421,test
cs2816,test
cs6449,test
cs7539,test
cs9444,test
cs9699,test
cs9873,test
ct2105,test
ct3240,test
ct3688,test
ct4110,test
ct4402,test
ct5240,test
ct6305,test
ct7282,test
ct7588,test
ct7742,test
ct8466,test
cu1716,test
cu3507,test
cu4633,test
cu5461,test
cu5473,test
cu5833,test
cu7477,test
cu9630,test
cu9955,test
cv1979,test
cv3791,test
cv4483,test
cv4602,test
cv7300,test
cv7718,test
cv9035,test
cv9099,test
cw1942,test
cw2807,test
cw3152,test
cw3276,test
cw5110,test
cw6008,test
cw6364,test
cw6628,test
cw6783,test
cw8092,test
cw8224,test
cw8408,test
cw9949,test
cx1008,test
cx1796,test
cx1837,test
cx2745,test
cx4949,test
cx5402,test
cx5916,test
cx6012,test
cx6112,test
cx6458,test
cx7118,test
cx7736,test
cx8786,test
cx9859,test
cy1011,test
cy1403,test
cy2804,test
cy3356,test
cy3836,test
cy5946,test
cy6416,test
cy8342,test
cy8633,test
cy9980,test
cz2007,test
cz2515,test
cz2575,test
cz3454,test
cz5021,test
cz6706,test
cz8893,test
da1986,test
da3787,test
da4100,test
da5772,test
da5785,test
da8436,test
da8442,test
da8779,test
da9438,test
db1328,test
db2736,test
db2843,test
db4124,test
db4801,test
db5362,test
db6330,test
db6961,test
db7935,test
db8215,test
db8489,test
db9283,test
dc3687,test
dc4279,test
dc4602,test
dc4743,test
dc5093,test
dc6767,test
dc7456,test
dc7691,test
dc8761,test
dc8797,test
dc8948,test
dc9003,test
dc9601,test
dd1570,test
dd2606,test
dd3192,test
dd3199,test
dd3626,test
dd4687,test
dd5708,test
dd7312,test
dd8299,test
dd8642,test
dd9801,test
de1653,test
de1716,test
de1722,test
de2389,test
de3832,test
de4644,test
de4906,test
de5936,test
de7395,test
de9178,test
de9538,test
de9574,test
df3326,test
df3871,test
df6397,test
df6878,test
df7908,test
df9026,test
df9915,test
df9966,test
dg1347,test
dg3740,test
dg3816,test
dg4681,test
dg5909,test
dg8486,test
dg8844,test
dg9097,test
dg9638,test
dg9959,test
dh5466,test
dh6303,test
dh7197,test
dh7925,test
dh9128,test
dh9203,test
dh9674,test
dh9911,test
di2634,test
di2840,test
di3640,test
di4607,test
di4632,test
di5510,test
di5680,test
di5723,test
di6367,test
di6405,test
di6799,test
di6809,test
di9381,test
di9667,test
dj2482,test
dj4573,test
dj4801,test
dj5170,test
dj5945,test
dj7259,test
dj7435,test
dj8147,test
dj9543,test
dk1720,test
dk1891,test
dk2843,test
dk3008,test
dk3181,test
dk4689,test
dk6394,test
dk6549,test
dk8620,test
dk9494,test
dl1890,test
dl1982,test
dl2263,test
dl2506,test
dl4071,test
dl4785,test
dl4995,test
dl5217,test
dl7209,test
dm1517,test
dm1568,test
dm2664,test
dm3546,test
dm4230,test
dm4823,test
dm5622,test
dm7871,test
dm9354,test
dm9943,test
dn1674,test
dn2504,test
dn2875,test
dn3170,test
dn3626,test
dn4654,test
dn7662,test
dn8401,test
dn8464,test
dn8645,test
dn9523,test
dn9673,test
do1057,test
do2837,test
do4109,test
do4242,test
do4588,test
do5293,test
do5589,test
do8300,test
do9469,test
dp2124,test
dp3031,test
dp3589,test
dp5241,test
dp7406,test
dp9279,test
dp9344,test
dp9625,test
dp9806,test
dq1372,test
dq3485,test
dq4222,test
dq6010,test
dq9959,test
dr3436,test
dr3621,test
dr4256,test
dr7512,test
dr9174,test
dr9429,test
dr9874,test
dr9927,test
ds1345,test
ds1790,test
ds2104,test
ds3151,test
ds4826,test
ds5367,test
ds6247,test
ds6681,test
ds8199,test
ds8683,test
ds9388,test
ds9810,test
dt2004,test
dt2121,test
dt2377,test
dt3027,test
dt3839,test
dt5294,test
dt7818,test
dt8093,test
dt8564,test
dt9592,test
dt9790,test
dt9840,test
du1585,test
du2624,test
du2793,test
du6482,test
du8488,test
du9949,test
dv1851,test
dv1919,test
dv3262,test
dv6028,test
dv6308,test
dv6322,test
dv7216,test
dv7739,test
dv8708,test
dv9063,test
dw6045,test
dw6244,test
dw6913,test
dw8800,test
dx1282,test
dx2071,test
dx2270,test
dx2830,test
dx6187,test
dx6572,test
dx7079,test
dy1711,test
dy1799,test
dy2142,test
dy2386,test
dy3298,test
dy4797,test
dy5087,test
dy5792,test
dy6308,test
dy8070,test
dy8164,test
dy8369,test
dy8390,test
dy9437,test
dy9527,test
dz2353,test
dz2636,test
dz3102,test
dz3978,test
dz5528,test
dz5681,test
dz5694,test
dz6947,test
dz7619,test
dz8021,test
dz8453,test
dz8830,test
dz9671,test
ea1342,test
ea1760,test
ea3167,test
ea3821,test
ea5295,test
ea5841,test
ea5991,test
ea6589,test
ea7164,test
ea8933,test
ea8972,test
ea9021,test
eb2269,test
eb5001,test
eb5279,test
eb5915,test
eb6921,test
eb8283,test
eb8441,test
eb8734,test
eb9884,test
ec2353,test
ec2725,test
ec4727,test
ec5031,test
ec6699,test
ec7563,test
ec8782,test
ed1217,test
ed1454,test
ed1462,test
ed1792,test
ed2562,test
ed5268,test
ed5540,test
ed7344,test
ed8648,test
ed9333,test
ee1263,test
ee1418,test
ee1431,test
ee2531,test
ee3533,test
ee3732,test
ee4099,test
ee5565,test
ee6776,test
ee7716,test
ee8287,test
ee8609,test
ee8716,test
ee9171,test
ee9414,test
ef1543,test
ef1569,test
ef1643,test
ef2170,test
ef2629,test
ef2775,test
ef5209,test
ef7814,test
ef8876,test
ef9247,test
ef9944,test
eg1048,test
eg1721,test
eg1849,test
eg2863,test
eg3153,test
eg4467,test
eg8749,test
eg9211,test
eh1139,test
eh2644,test
eh3340,test
eh3934,test
eh5017,test
eh5105,test
eh5359,test
eh6760,test
eh8182,test
eh9002,test
eh9096,test
eh9642,test
ei1641,test
ei3235,test
ei5298,test
ei6827,test
ei7601,test
ei9732,test
ej1152,test
ej1664,test
ej1981,test
ej2245,test
ej2532,test
ej2814,test
ej2865,test
ej5757,test
ej7736,test
ej7787,test
ej9246,test
ej9529,test
ek2242,test
ek2848,test
ek3359,test
ek5698,test
ek7107,test
ek9142,test
ek9685,test
el1140,test
el2018,test
el2790,test
el4242,test
el7757,test
el7841,test
em1113,test
em1268,test
em1557,test
em1672,test
em1811,test
em3322,test
em6501,test
em8405,test
en1167,test
en1303,test
en2581,test
en3415,test
en4197,test
en4728,test
en5333,test
en5815,test
en5975,test
eo1009,test
eo1049,test
eo3935,test
eo7855,test
eo9304,test
ep2818,test
ep3005,test
ep3480,test
ep4312,test
ep5280,test
ep9761,test
eq1162,test
eq1506,test
eq1547,test
eq2231,test
eq2298,test
eq2644,test
eq3427,test
eq5716,test
eq5866,test
eq5980,test
eq7189,test
eq7431,test
eq9763,test
er2744,test
er3299,test
er3396,test
er5238,test
er6742,test
er7843,test
es1206,test
es1430,test
es2363,test
es2649,test
es2705,test
es5359,test
es6156,test
es6421,test
es6521,test
es7504,test
es8008,test
es9010,test
es9501,test
es9838,test
es9847,test
et1472,test
et1791,test
et2179,test
et2537,test
et2953,test
et3002,test
et3620,test
et6845,test
et8457,test
et8695,test
eu2347,test
eu3099,test
eu4296,test
eu4419,test
eu4523,test
eu5899,test
eu7961,test
eu8133,test
eu9196,test
ev1028,test
ev1663,test
ev2517,test
ev2518,test
ev3585,test
ev4077,test
ev4286,test
ev4510,test
ev6769,test
ev9070,test
ev9325,test
ew1043,test
ew2112,test
ew3106,test
ew3610,test
ew4396,test
ew4603,test
ew5170,test
ew6323,test
ew7055,test
ew9396,test
ex1033,test
ex4301,test
ex6074,test
ex6775,test
ex7299,test
ex7408,test
ex8132,test
ex9184,test
ex9371,test
ey3430,test
ey5016,test
ey6950,test
ey8161,test
ey8166,test
ey8491,test
ey9003,test
ey9526,test
ez1325,test
ez3024,test
ez9073,test
ez9662,test
fa1282,test
fa1457,test
fa4020,test
fa4181,test
fa4701,test
fa5335,test
fa5652,test
fa5852,test
fa6866,test
fa7662,test
fa8562,test
fa8860,test
fa8898,test
fa9095,test
fb1150,test
fb1235,test
fb3557,test
fb3950,test
fb6289,test
fb6382,test
fb8629,test
fb9312,test
fc4015,test
fc5723,test
fc5836,test
fc6492,test
fc7171,test
fc8074,test
fc8414,test
fc8450,test
fc8648,test
fd3423,test
fd3881,test
fd4448,test
fd5833,test
fd5986,test
fd8044,test
fd8167,test
fd8846,test
fd9065,test
fd9856,test
fe2791,test
fe3778,test
fe4447,test
fe5496,test
fe6867,test
fe7455,test
fe9756,test
ff1536,test
ff2259,test
ff4041,test
ff4453,test
ff4627,test
ff5333,test
ff5744,test
ff5802,test
ff6284,test
ff6287,test
ff6748,test
ff6875,test
ff7183,test
ff7247,test
ff7879,test
ff7960,test
ff9972,test
fg1103,test
fg1792,test
fg2602,test
fg5764,test
fg8691,test
fg9419,test
fh3007,test
fh4055,test
fh4072,test
fh4462,test
fh5189,test
fh5967,test
fh8589,test
fh9380,test
fi2039,test
fi2973,test
fi4212,test
fi4360,test
fi6879,test
fi8743,test
fi9534,test
fi9669,test
fj1166,test
fj1662,test
fj2502,test
fj4234,test
fj6122,test
fj6247,test
fj6377,test
fj7466,test
fj7883,test
fj8144,test
fk2249,test
fk2781,test
fk4263,test
fk5263,test
fk6529,test
fk8868,test
fk9223,test
fk9350,test
fl1496,test
fl2819,test
fl4396,test
fl5003,test
fl5274,test
fl5430,test
fl7082,test
fl8417,test
fl8667,test
fl9218,test
fm1251,test
fm1326,test
fm3364,test
fm4216,test
fm4860,test
fm9463,test
fn2699,test
fn3680,test
fn5060,test
fn6769,test
fn7012,test
fn7401,test
fn7692,test
fn8487,test
fn8878,test
fn9566,test
fn9793,test
fo1145,test
fo4812,test
fo6052,test
fo9857,test
fp1770,test
fp1993,test
fp3435,test
fp4831,test
fp4878,test
fp4929,test
fp6117,test
fp7134,test
fp7667,test
fp8305,test
fp8457,test
fp9704,test
fq1679,test
fq1795,test
fq1907,test
fq2235,test
fq2506,test
fq2899,test
fq3201,test
fq3289,test
fq3318,test
fq3551,test
fq4227,test
fq4266,test
fq5048,test
fq6130,test
fq7700,test
fq8291,test
fq8922,test
fr1262,test
fr1340,test
fr3354,test
fr5186,test
fr5661,test
fr7941,test
fr8689,test
fr8975,test
fr9131,test
fr9688,test
fs2917,test
fs4182,test
fs4200,test
fs5064,test
fs5769,test
fs6218,test
fs8107,test
fs9387,test
ft1220,test
ft1352,test
ft2061,test
ft2083,test
ft2746,test
ft5248,test
ft7845,test
fu2223,test
fu3304,test
fu4040,test
fu5431,test
fu6487,test
fu7367,test
fu9204,test
fu9460,test
fv3617,test
fv5366,test
fv5906,test
fv5960,test
fv6525,test
fv6715,test
fv7618,test
fv9352,test
fw3041,test
fw3308,test
fw3719,test
fw3913,test
fw5828,test
fw6689,test
fw6999,test
fw7288,test
fw7642,test
fw7683,test
fw8025,test
fw9552,test
fw9919,test
fx2544,test
fx5322,test
fx5470,test
fx6325,test
fx8811,test
fx9502,test
fy1981,test
fy2722,test
fy4008,test
fy5804,test
fy8822,test
fy8911,test
fy9100,test
fz1967,test
fz3731,test
fz4953,test
fz8793,test
fz8844,test
fz8930,test
ga1932,test
ga2106,test
ga3068,test
ga4905,test
ga5374,test
ga6629,test
ga7999,test
ga9261,test
gb1015,test
gb1191,test
gb1296,test
gb1454,test
gb1594,test
gb2070,test
gb2365,test
gb2595,test
gb3281,test
gb3900,test
gb3923,test
gb3935,test
gb4970,test
gb5599,test
gb7028,test
gb7052,test
gb7084,test
gb7464,test
gb7593,test
gb8250,test
gb8530,test
gb9908,test
gc1683,test
gc2416,test
gc2900,test
gc3565,test
gc6192,test
gc7761,test
gc8649,test
gc8741,test
gc8802,test
gc9723,test
gd1230,test
gd2141,test
gd3568,test
gd4015,test
gd4813,test
gd5706,test
gd6326,test
ge1430,test
ge2110,test
ge2746,test
ge3043,test
ge3596,test
ge4063,test
ge4657,test
ge5720,test
ge5769,test
ge7322,test
ge7571,test
ge7928,test
ge7930,test
ge9144,test
ge9210,test
ge9250,test
gf1991,test
gf5186,test
gf5209,test
gf5253,test
gf6218,test
gf7239,test
gf8120,test
gf9044,test
gg3851,test
gg4780,test
gg4931,test
gg4941,test
gg6369,test
gg7686,test
gg9695,test
gh2468,test
gh2590,test
gh4079,test
gh5720,test
gh6067,test
gh6187,test
gh7007,test
gh7257,test
gh8545,test
gh8829,test
gh9977,test
gi1950,test
gi2890,test
gi4129,test
gi4992,test
gi5156,test
gi6067,test
gi6505,test
gi6740,test
gi9033,test
gi9920,test
gi9977,test
gj1762,test
gj3717,test
gj4474,test
gj6022,test
gk1542,test
gk1732,test
gk3897,test
gk5744,test
gk6145,test
gk7692,test
gl1125,test
gl1287,test
gl3544,test
gl5292,test
gl6631,test
gl6634,test
gl6914,test
gl7551,test
gl8507,test
gl8742,test
gl9695,test
gl9803,test
gm1195,test
gm2754,test
gm3993,test
gm4163,test
gm4474,test
gm4617,test
gm4776,test
gm5076,test
gm5663,test
gm5741,test
gm6921,test
gm8522,test
gm8744,test
gm8827,test
gm9119,test
gn1344,test
gn3571,test
gn6031,test
gn6926,test
gn7033,test
gn7327,test
gn7956,test
gn9464,test
go1118,test
go1847,test
go3335,test
go5474,test
go6999,test
go7270,test
go8609,test
go9564,test
gp2701,test
gp4625,test
gp5316,test
gp6323,test
gp6484,test
gp6581,test
gp6697,test
gp9491,test
gq1792,test
gq3002,test
gq3163,test
gq5896,test
gq6795,test
gq8383,test
gq9206,test
gr2840,test
gr3351,test
gr3391,test
gr3840,test
gr7360,test
gr7652,test
gr8478,test
gs1532,test
gs4821,test
gs5142,test
gs5446,test
gs7458,test
gs8265,test
gt1665,test
gt3909,test
gt4144,test
gt4876,test
gt5147,test
gt8096,test
gt9567,test
gt9879,test
gu1509,test
gu3139,test
gu4692,test
gu6222,test
gu8943,test
gu9503,test
gv1037,test
gv2039,test
gv3969,test
gv4044,test
gv6323,test
gv7863,test
gw1371,test
gw3883,test
gw3911,test
gw4898,test
gw5082,test
gw5205,test
gw5995,test
gw6069,test
gw6638,test
gw7720,test
gw8364,test
gx2824,test
gx3665,test
gx5498,test
gx6623,test
gx6695,test
gx7810,test
gx7898,test
gx8999,test
gy1053,test
gy2493,test
gy3455,test
gy4490,test
gy5539,test
gy5580,test
gy7329,test
gy8973,test
gy9643,test
gy9917,test
gz1224,test
gz1806,test
gz1882,test
gz2193,test
gz2230,test
gz2977,test
gz5546,test
gz5860,test
gz6461,test
gz6764,test
gz7536,test
gz7673,test
gz8009,test
gz8175,test
gz9987,test
ha2008,test
ha4422,test
ha6086,test
ha6172,test
ha6854,test
ha6922,test
ha8590,test
hb2460,test
hb4338,test
hb4779,test
hb4942,test
hb6205,test
hb7150,test
hb7762,test
hb9131,test
hb9250,test
hc2249,test
hc2664,test
hc4292,test
hc5845,test
hc6882,test
hc7925,test
hc8139,test
hc8648,test
hd1375,test
hd2200,test
hd2312,test
hd2465,test
hd4746,test
hd5074,test
hd8992,test
he1752,test
he2897,test
he4062,test
he4994,test
he5467,test
he5946,test
he8265,test
he9416,test
hf1015,test
hf3353,test
hf4098,test
hf4404,test
hf4704,test
hf5984,test
hf6668,test
hf7088,test
hf7297,test
hf7593,test
hf8021,test
hf8675,test
hg1167,test
hg2184,test
hg2467,test
hg3786,test
hg3865,test
hg4443,test
hg5324,test
hg6617,test
hg6931,test
hg7044,test
hg7338,test
hg8241,test
hg9281,test
hg9448,test
hg9785,test
hh2750,test
hh3893,test
hh4211,test
hh5026,test
hh5131,test
hh9070,test
hh9637,test
hh9758,test
hi1385,test
hi1753,test
hi2383,test
hi3948,test
hi4168,test
hi6094,test
hi6489,test
hi6982,test
hi8656,test
hi9305,test
hj2772,test
hj3212,test
hj4739,test
hj5056,test
hj6039,test
hj6970,test
hj7473,test
hj7610,test
hj9674,test
hk2253,test
hk2322,test
hk2341,test
hk2580,test
hk6766,test
hk7042,test
hk7126,test
hk7224,test
hk7357,test
hk8360,test
hl4237,test
hl4531,test
hl4966,test
hl8454,test
hl8649,test
hl9148,test
hm1164,test
hm1503,test
hm2336,test
hm4020,test
hm4369,test
hm4481,test
hm4628,test
hm6038,test
hm6290,test
hm6830,test
hm7537,test
hm8015,test
hm8684,test
hm9712,test
hm9957,test
hn2824,test
hn4228,test
hn5164,test
hn5364,test
hn7635,test
hn8464,test
hn8528,test
hn8929,test
hn9694,test
ho1843,test
ho1887,test
ho2659,test
ho4469,test
ho4644,test
ho6464,test
ho6968,test
ho7924,test
ho9211,test
hp1851,test
hp2520,test
hp3267,test
hp4212,test
hp4929,test
hp6014,test
hp6025,test
hp7202,test
hp7987,test
hp8536,test
hp8760,test
hq4098,test
hq4136,test
hq4215,test
hq7165,test
hq7937,test
hq7993,test
hq8999,test
hq9243,test
hq9518,test
hr1125,test
hr1665,test
hr2533,test
hr2664,test
hr3684,test
hr4838,test
hr6480,test
hr6654,test
hr7597,test
hr7714,test
hr9223,test
hr9836,test
hr9924,test
hr9993,test
hs3132,test
hs3569,test
hs3677,test
hs3811,test
hs5728,test
hs5912,test
hs7450,test
hs8396,test
hs8443,test
hs9477,test
ht1597,test
ht1834,test
ht3068,test
ht3290,test
ht3740,test
ht4396,test
ht4471,test
ht6871,test
ht8410,test
hu1461,test
hu1847,test
hu3284,test
hu3318,test
hu3444,test
hu3596,test
hu5061,test
hu5173,test
hu6298,test
hu7034,test
hu7633,test
hu8215,test
hu9903,test
hv1231,test
hv1730,test
hv2748,test
hv4412,test
hv5440,test
hv7020,test
hv8161,test
hv8239,test
hv8747,test
hv8852,test
hv9644,test
hw1631,test
hw2275,test
hw2322,test
hw3394,test
hw3722,test
hw4141,test
hw5796,test
hw7820,test
hw8043,test
hw8155,test
hw8725,test
hw9444,test
hw9663,test
hw9798,test
hx2833,test
hx4153,test
hx4390,test
hx6389,test
hx6704,test
hx7011,test
hx7810,test
hx7878,test
hx8564,test
hx9183,test
hx9247,test
hx9559,test
hy1524,test
hy2260,test
hy4450,test
hy5333,test
hy8340,test
hy9955,test
hz1112,test
hz1168,test
hz1862,test
hz2670,test
hz2841,test
hz3221,test
hz4747,test
hz5169,test
hz5804,test
hz6192,test
hz6568,test
hz6764,test
hz7295,test
hz7346,test
hz7645,test
ia3539,test
ia5471,test
ia5688,test
ia6199,test
ia6616,test
ia6855,test
ia7492,test
ia7719,test
ia7976,test
ia8391,test
ib2885,test
ib3859,test
ib4325,test
ib4843,test
ib5772,test
ib6123,test
ib8328,test
ib8688,test
ib9112,test
ic1914,test
ic2802,test
ic2990,test
ic4400,test
ic5583,test
ic6991,test
ic7420,test
ic7587,test
ic7871,test
ic9433,test
id1056,test
id1356,test
id5916,test
id6608,test
id7777,test
id7852,test
id7861,test
id8405,test
id8496,test
id8639,test
ie3079,test
ie3336,test
ie3417,test
ie5679,test
ie6041,test
ie6282,test
ie7991,test
ie8939,test
ie9070,test
if2233,test
if4255,test
if7330,test
if8440,test
if8794,test
ig1406,test
ig2189,test
ig2433,test
ig2747,test
ig2775,test
ig3672,test
ig7145,test
ig7334,test
ig8719,test
ih1425,test
ih2224,test
ih3267,test
ih5229,test
ih5343,test
ih5877,test
ih9027,test
ih9476,test
ih9715,test
ih9840,test
ih9888,test
ii2805,test
ii3125,test
ii3650,test
ii3845,test
ii5339,test
ii6200,test
ii6561,test
ii6760,test
ii7156,test
ii7743,test
ii8376,test
ii9485,test
ij1323,test
ij1744,test
ij3889,test
ij4580,test
ij5584,test
ij6090,test
ij6185,test
ij8033,test
ij8199,test
ij8743,test
ij9197,test
ik1859,test
ik2661,test
ik3108,test
ik3553,test
ik4866,test
ik5581,test
ik6702,test
ik7505,test
ik7517,test
ik9654,test
il3415,test
il5810,test
il7055,test
il7942,test
il8474,test
il8511,test
il8883,test
il9312,test
il9837,test
il9916,test
im2810,test
im7376,test
im7527,test
im8694,test
im9706,test
im9714,test
in2304,test
in3214,test
in4777,test
in6097,test
in6387,test
in6977,test
in7960,test
io3163,test
io4475,test
io5461,test
io7446,test
ip2729,test
ip3160,test
ip4166,test
ip4940,test
ip5100,test
ip6511,test
ip7105,test
ip7237,test
ip8280,test
ip9366,test
ip9737,test
iq2826,test
iq3539,test
iq6028,test
iq6994,test
iq7131,test
iq7409,test
iq7928,test
iq8124,test
iq8155,test
ir1593,test
ir1814,test
ir3541,test
ir4081,test
ir6653,test
ir7897,test
ir8339,test
ir9280,test
is1218,test
is1584,test
is4077,test
is5053,test
is6812,test
is7370,test
is7676,test
is7780,test
is8061,test
is9102,test
is9723,test
it1481,test
it1822,test
it3492,test
it3784,test
it3811,test
it4017,test
it5299,test
it6445,test
it6698,test
it9760,test
iu1316,test
iu1444,test
iu4027,test
iu4683,test
iu5533,test
iu5837,test
iu6787,test
iu7083,test
iu7510,test
iu9249,test
iv1065,test
iv1966,test
iv6069,test
iv6299,test
iv6710,test
iv7928,test
iv7969,test
iv8511,test
iw4489,test
iw4869,test
iw5316,test
iw9207,test
iw9982,test
ix2297,test
ix2491,test
ix2839,test
ix4557,test
ix6586,test
ix7191,test
ix9016,test
iy1201,test
iy1739,test
iy3197,test
iy3397,test
iy3425,test
iy5464,test
iy6562,test
iy6777,test
iy6820,test
iy7620,test
iy8794,test
iy8935,test
iy9478,test
iz1529,test
iz1825,test
iz2214,test
iz2305,test
iz3137,test
iz3270,test
iz4285,test
iz8300,test
iz8334,test
iz9009,test
iz9134,test
ja1081,test
ja1665,test
ja2266,test
ja4393,test
ja5869,test
ja6444,test
ja6728,test
ja8042,test
ja8338,test
ja8729,test
jb1250,test
jb1306,test
jb1580,test
jb4089,test
jb6064,test
jb7682,test
jb8651,test
jb9092,test
jb9812,test
jc1717,test
jc1946,test
jc3787,test
jc4027,test
jc4869,test
jc6108,test
jc8061,test
jc8535,test
jd1352,test
jd3427,test
jd5151,test
jd5282,test
jd5370,test
jd6854,test
jd6942,test
jd7671,test
jd8167,test
jd9271,test
jd9549,test
je1553,test
je2766,test
je3673,test
je4409,test
je5961,test
je6752,test
je9000,test
je9433,test
jf2877,test
jf2900,test
jf3347,test
jf3730,test
jf4460,test
jf5587,test
jf6226,test
jf6862,test
jg1017,test
jg1250,test
jg1542,test
jg2834,test
jg6637,test
jg7781,test
jg8921,test
jg9289,test
jh4863,test
jh5491,test
jh7264,test
jh7548,test
jh8554,test
ji1289,test
ji1716,test
ji2543,test
ji2600,test
ji4424,test
ji7382,test
ji7864,test
ji8286,test
ji9250,test
ji9615,test
jj1180,test
jj3048,test
jj4177,test
jj4315,test
jj5766,test
jj6906,test
jj7250,test
jj7422,test
jj8383,test
jj9071,test
jj9632,test
jj9741,test
jk1273,test
jk1445,test
jk2389,test
jk7165,test
jk7235,test
jk7768,test
jk8238,test
jk8273,test
jk8778,test
jk9265,test
jk9338,test
jl1628,test
jl1796,test
jl2582,test
jl6008,test
jl6866,test
jl8225,test
jl9036,test
jm2829,test
jm2965,test
jm6078,test
jm6698,test
jm7655,test
jm8087,test
jm9029,test
jm9468,test
jm9743,test
jn4289,test
jn6900,test
jn8179,test
jn8476,test
jo1031,test
jo2574,test
jo4521,test
jo5415,test
jo5483,test
jo6015,test
jo6061,test
jo6358,test
jo6467,test
jo7293,test
jo7677,test
jo7831,test
jo9810,test
jp1601,test
jp1960,test
jp2887,test
jp3280,test
jp3885,test
jp4858,test
jp4872,test
jp5482,test
jp5738,test
jp6010,test
jp6371,test
jp7658,test
jp8319,test
jp8818,test
jp8845,test
jp9651,test
jq1664,test
jq1759,test
jq2613,test
jq3371,test
jq3949,test
jq4868,test
jq6850,test
jq7079,test
jq7324,test
jr1060,test
jr3520,test
jr6771,test
jr6826,test
jr8109,test
jr8124,test
jr9133,test
jr9152,test
js1191,test
js1792,test
js2333,test
js5651,test
js5982,test
js6103,test
js9046,test
jt1579,test
jt2880,test
jt4316,test
jt4532,test
jt4765,test
jt5775,test
jt6828,test
ju1118,test
ju2034,test
ju3053,test
ju3538,test
ju5911,test
ju6456,test
ju6515,test
ju6700,test
ju7735,test
ju7749,test
ju7819,test
ju8963,test
jv1685,test
jv2711,test
jv3049,test
jv3549,test
jv4938,test
jv5097,test
jv6024,test
jv6553,test
jv8684,test
jv9318,test
jw2960,test
jw3068,test
jw3447,test
jw4144,test
jw4727,test
jw5342,test
jw6666,test
jw8021,test
jw8531,test
jw9064,test
jx2044,test
jx2244,test
jx2967,test
jx3136,test
jx4413,test
jx4991,test
jx5387,test
jx6468,test
jx7481,test
jx8989,test
jx9082,test
jy3242,test
jy5758,test
jy6997,test
jz2517,test
jz2893,test
jz3483,test
jz4997,test
jz5472,test
jz6555,test
ka2108,test
ka2190,test
ka2639,test
ka3691,test
ka6794,test
ka6818,test
ka6947,test
ka7041,test
ka9490,test
ka9809,test
kb2082,test
kb2921,test
kb3301,test
kb3903,test
kb4921,test
kb6832,test
kb9177,test
kc1158,test
kc2579,test
kc4187,test
kc5277,test
kc5282,test
kc6736,test
kc7034,test
kc7632,test
kc8900,test
kc9706,test
kd2697,test
kd2946,test
kd4894,test
kd5699,test
kd7609,test
kd7847,test
kd8437,test
ke2208,test
ke4884,test
ke5269,test
ke7055,test
ke7135,test
ke7141,test
kf1219,test
kf2618,test
kf4395,test
kf6521,test
kf7300,test
kf8997,test
kf9735,test
kg1303,test
kg3855,test
kg4267,test
kg6306,test
kg9868,test
kh2241,test
kh4744,test
kh5122,test
kh9193,test
kh9579,test
ki3260,test
ki3845,test
ki4174,test
ki4344,test
ki5012,test
ki5921,test
ki6428,test
ki8349,test
ki9267,test
kj2308,test
kj2498,test
kj2818,test
kj3950,test
kj6483,test
kj6785,test
kj6812,test
kj7686,test
kj8004,test
kj9101,test
kj9895,test
kk2336,test
kk4119,test
kk4371,test
kk5578,test
kk6822,test
kk7035,test
kk8631,test
kl2035,test
kl3688,test
kl5808,test
kl6439,test
kl7350,test
kl7468,test
kl8238,test
kl8690,test
kl8894,test
kl8994,test
km4264,test
km4644,test
km5774,test
km8616,test
km9683,test
kn1154,test
kn4139,test
kn5498,test
kn7133,test
kn7899,test
kn8478,test
kn8527,test
ko1641,test
ko3046,test
ko3567,test
ko4227,test
ko4548,test
ko5125,test
ko5167,test
ko6101,test
ko7703,test
ko9645,test
kp1015,test
kp1070,test
kp2403,test
kp4232,test
kp4813,test
kp5504,test
kp8166,test
kq1447,test
kq2033,test
kq2848,test
kq3589,test
kq3820,test
kq4535,test
kq4561,test
kq5938,test
kq6605,test
kq6701,test
kq7896,test
kq7954,test
kq8061,test
kq8802,test
kq9014,test
kr1190,test
kr2212,test
kr2278,test
kr3477,test
kr4403,test
kr5308,test
kr6523,test
kr9138,test
ks1215,test
ks5068,test
ks5851,test
ks6019,test
ks7649,test
kt3211,test
kt5700,test
kt5910,test
kt6908,test
ku1537,test
ku3045,test
ku3131,test
ku4698,test
ku4872,test
ku5596,test
ku5745,test
ku6975,test
ku7285,test
kv1190,test
kv1593,test
kv4003,test
kv4057,test
kv5182,test
kv5696,test
kv6138,test
kv8656,test
kw2115,test
kw3051,test
kw7548,test
kw8591,test
kx2067,test
kx2191,test
kx4970,test
kx5170,test
kx5558,test
kx6046,test
kx6258,test
kx6543,test
kx9332,test
kx9438,test
ky1794,test
ky2740,test
ky3217,test
ky4911,test
ky6683,test
ky6762,test
ky7015,test
ky8087,test
ky8805,test
kz1417,test
kz2072,test
kz4115,test
kz4918,test
kz6881,test
la3353,test
la4401,test
la4794,test
la5264,test
la8603,test
la8863,test
lb1618,test
lb1811,test
lb3883,test
lb6446,test
lb6560,test
lb6945,test
lb7343,test
lb8908,test
lb9392,test
lc1418,test
lc1929,test
lc2272,test
lc2635,test
lc2641,test
lc3431,test
lc3731,test
lc4062,test
lc5187,test
lc6436,test
lc7936,test
lc8885,test
lc9612,test
ld5572,test
ld6544,test
ld7334,test
ld9461,test
le2264,test
le3604,test
le5616,test
le6377,test
le6620,test
le7955,test
le8937,test
lf3181,test
lf4254,test
lf5564,test
lf7226,test
lf7790,test
lf8231,test
lf8452,test
lg1123,test
lg1949,test
lg2035,test
lg2042,test
lg2874,test
lg4152,test
lg4462,test
lg5785,test
lg6863,test
lg7726,test
lg7908,test
lg8644,test
lg9566,test
lg9639,test
lh1404,test
lh1634,test
lh2719,test
lh4372,test
lh4857,test
lh6946,test
li2574,test
li3153,test
li3369,test
li5011,test
li5428,test
li6100,test
li6564,test
li9177,test
lj1488,test
lj2753,test
lj3325,test
lj4053,test
lj4164,test
lj5294,test
lj7167,test
lj8541,test
lk1123,test
lk1330,test
lk3067,test
lk4297,test
lk5510,test
lk5663,test
lk6642,test
lk8117,test
lk8894,test
lk9349,test
lk9410,test
ll1800,test
ll1938,test
ll3235,test
ll6236,test
ll6764,test
ll8625,test
ll9235,test
lm2060,test
lm4627,test
lm5502,test
lm5516,test
lm5651,test
lm6099,test
lm6122,test
lm6457,test
lm7872,test
lm8411,test
lm8508,test
lm8670,test
lm9384,test
ln1670,test
ln2028,test
ln3246,test
ln3920,test
ln5878,test
ln7139,test
ln8356,test
ln8483,test
lo3350,test
lo4859,test
lo5105,test
lo8185,test
lo9946,test
lp1410,test
lp4909,test
lp5837,test
lp7196,test
lp9586,test
lq2508,test
lq3234,test
lq3388,test
lq4479,test
lq6946,test
lq8843,test
lr3294,test
lr3357,test
lr7223,test
lr8602,test
ls1006,test
ls1526,test
ls3253,test
ls4433,test
ls5244,test
ls6950,test
ls7280,test
ls7368,test
ls8680,test
lt1503,test
lt3106,test
lt5734,test
lt5946,test
lt6512,test
lt7124,test
lt7962,test
lt8181,test
lt8230,test
lt9014,test
lt9200,test
lt9283,test
lu1658,test
lu2740,test
lu2906,test
lu2976,test
lu3721,test
lu3850,test
lu6390,test
lu6429,test
lu6526,test
lu7149,test
lu7279,test
lu7553,test
lu7752,test
lu8160,test
lu9948,test
lu9972,test
lv1131,test
lv2668,test
lv7002,test
lv7429,test
lv7905,test
lw1393,test
lw1734,test
lw2181,test
lw5403,test
lw7061,test
lw7897,test
lw8018,test
lw8134,test
lw9120,test
lw9929,test
lx1572,test
lx1883,test
lx3875,test
lx4404,test
lx6392,test
lx6770,test
ly1007,test
ly2247,test
ly3036,test
ly5878,test
ly5983,test
ly6475,test
ly7039,test
ly7463,test
ly8263,test
ly9020,test
lz1487,test
lz1995,test
lz2277,test
lz2373,test
lz2777,test
lz4519,test
lz4577,test
lz5542,test
lz7109,test
lz7810,test
ma2402,test
ma3592,test
ma4093,test
ma5702,test
ma6687,test
ma8511,test
ma8755,test
mb1840,test
mb2896,test
mb3197,test
mb4282,test
mb5914,test
mb7955,test
mb7970,test
mb8138,test
mb8713,test
mb8801,test
mc1379,test
mc2525,test
mc3824,test
mc6581,test
mc9313,test
md2034,test
md2649,test
md3012,test
md3688,test
md3892,test
md6060,test
md6208,test
md6697,test
md8457,test
me1170,test
me2116,test
me3224,test
me3297,test
me4945,test
me5282,test
me5804,test
me6262,test
me6704,test
me6841,test
me8170,test
me9607,test
me9894,test
mf1844,test
mf2072,test
mf5589,test
mf6028,test
mf8543,test
mf8850,test
mg1069,test
mg1254,test
mg3605,test
mg3952,test
mg4176,test
mg9654,test
mh1783,test
mh1838,test
mh2359,test
mh2953,test
mh3260,test
mh4041,test
mh5357,test
mh6412,test
mh8503,test
mi1736,test
mi2608,test
mi2754,test
mi4024,test
mi4026,test
mi5145,test
mi5152,test
mi6467,test
mi6742,test
mi6919,test
mi8493,test
mi9398,test
mj1877,test
mj2022,test
mj3773,test
mj4776,test
mj7606,test
mj8312,test
mj8621,test
mk1935,test
mk2467,test
mk3108,test
mk3418,test
mk3729,test
mk4308,test
mk5565,test
mk5583,test
mk6316,test
mk6644,test
ml3109,test
ml4490,test
ml4557,test
ml5300,test
ml5944,test
ml6006,test
ml6416,test
ml7651,test
ml7699,test
ml7838,test
ml8056,test
ml8177,test
ml8654,test
ml9764,test
mm1713,test
mm3178,test
mm3932,test
mm4772,test
mm6350,test
mn1573,test
mn3383,test
mn4529,test
mn6317,test
mn8885,test
mo1230,test
mo5304,test
mo5350,test
mo6207,test
mo6516,test
mo8036,test
mo9227,test
mp1021,test
mp2793,test
mp4593,test
mp5612,test
mp5792,test
mp6218,test
mp7700,test
mp7907,test
mp9430,test
mp9640,test
mq1654,test
mq2367,test
mq2532,test
mq3034,test
mq3874,test
mq3925,test
mq4872,test
mq5113,test
mq6570,test
mq7347,test
mq8806,test
mq9513,test
mr1069,test
mr1782,test
mr2045,test
mr2414,test
mr5028,test
mr5107,test
mr5786,test
mr6483,test
mr6949,test
mr7605,test
mr7718,test
mr9421,test
ms1138,test
ms1399,test
ms1711,test
ms1823,test
ms5225,test
ms8298,test
ms8625,test
mt2008,test
mt2632,test
mt5737,test
mt6613,test
mu1552,test
mu1668,test
mu3287,test
mu3367,test
mu3452,test
mu6104,test
mu6820,test
mu9030,test
mu9288,test
mu9454,test
mu9616,test
mv1478,test
mv2948,test
mv4050,test
mv4913,test
mv5501,test
mv8122,test
mv8765,test
mw1691,test
mw5861,test
mw8031,test
mw8463,test
mw8967,test
mw9785,test
mx1935,test
mx2251,test
mx3466,test
mx4746,test
mx8555,test
mx9480,test
my1562,test
my2120,test
my2160,test
my3197,test
my3521,test
my3863,test
my4654,test
my5432,test
my6220,test
my7159,test
my8812,test
mz1838,test
mz2883,test
mz3956,test
mz4953,test
mz6304,test
mz9092,test
mz9297,test
na1907,test
na2660,test
na3060,test
na3330,test
na3646,test
na4890,test
na6134,test
na7452,test
na8176,test
na8214,test
na8384,test
na9379,test
nb2820,test
nb5070,test
nb5494,test
nb6967,test
nb9394,test
nc2902,test
nc3424,test
nc7316,test
nd2612,test
nd2708,test
nd3025,test
nd5001,test
nd7189,test
nd7421,test
nd7888,test
ne2404,test
ne3336,test
ne5195,test
ne7223,test
ne7502,test
nf2062,test
nf3284,test
nf3454,test
nf5353,test
nf6828,test
nf6958,test
nf9021,test
nf9204,test
ng1781,test
ng3574,test
ng3618,test
ng5717,test
ng5733,test
ng5742,test
ng6043,test
ng6244,test
ng6910,test
ng7769,test
ng7889,test
ng9448,test
nh2306,test
nh3267,test
nh4225,test
nh4499,test
nh5948,test
nh6053,test
ni2686,test
ni4383,test
ni4444,test
ni4482,test
ni4628,test
ni5919,test
ni7371,test
ni8184,test
ni9024,test
ni9332,test
nj1443,test
nj2287,test
nj2817,test
nj3609,test
nj4988,test
nj7619,test
nj8295,test
nj8583,test
nj9931,test
nk1326,test
nk2419,test
nk2983,test
nk3617,test
nk4889,test
nk5357,test
nk5480,test
nk6273,test
nk6995,test
nk8288,test
nk9169,test
nl2326,test
nl2617,test
nl3562,test
nl3799,test
nl5396,test
nl8517,test
nl9701,test
nm1394,test
nm3046,test
nm3333,test
nm3525,test
nm3905,test
nm4310,test
nm5287,test
nm5990,test
nm6484,test
nm6848,test
nm7152,test
nm8357,test
nm9709,test
nn2627,test
nn2777,test
nn4013,test
nn4326,test
nn6848,test
nn7208,test
nn8590,test
nn9402,test
no1217,test
no1458,test
no1813,test
no2606,test
no2690,test
no4830,test
no4883,test
no6841,test
np1483,test
np1776,test
np2854,test
np3131,test
np4807,test
np5396,test
np6892,test
np9224,test
np9366,test
np9373,test
nq1282,test
nq1924,test
nq2062,test
nq2791,test
nq2816,test
nq3482,test
nq4489,test
nq5575,test
nq5614,test
nq5775,test
nq8461,test
nq8887,test
nq9906,test
nr1119,test
nr1221,test
nr2102,test
nr2438,test
nr6106,test
nr6410,test
nr7877,test
nr8660,test
nr9818,test
ns3227,test
ns4608,test
ns6129,test
ns6164,test
ns6537,test
ns6648,test
ns6779,test
nt4872,test
nt6873,test
nt7054,test
nt7672,test
nt9957,test
nu2162,test
nu3273,test
nu3698,test
nu4067,test
nu5016,test
nu6610,test
nu6766,test
nu9123,test
nv1280,test
nv2268,test
nv2960,test
nv3168,test
nv6857,test
nv8286,test
nv9852,test
nw1095,test
nw1654,test
nw3669,test
nw3797,test
nw4050,test
nw4872,test
nw4901,test
nw5470,test
nw5875,test
nw6271,test
nw6707,test
nw7416,test
nw9032,test
nw9412,test
nw9906,test
nx1192,test
nx2748,test
nx3510,test
nx3894,test
nx4039,test
nx5366,test
nx5546,test
nx5987,test
nx7492,test
nx7619,test
nx8626,test
nx9196,test
nx9295,test
ny1436,test
ny2671,test
ny4151,test
ny4282,test
ny4522,test
ny5459,test
ny5775,test
ny6796,test
ny9313,test
ny9512,test
nz1722,test
nz1934,test
nz2708,test
nz3952,test
nz4391,test
nz6500,test
nz6578,test
nz8194,test
nz9216,test
nz9569,test
oa1329,test
oa2745,test
oa3684,test
oa4346,test
oa4456,test
oa6108,test
oa8129,test
oa9357,test
ob1340,test
ob2071,test
ob3135,test
ob3610,test
ob8020,test
ob8297,test
oc1155,test
oc1752,test
oc2010,test
oc3061,test
oc3951,test
oc4099,test
oc4158,test
oc4359,test
oc5978,test
oc6161,test
oc6377,test
oc6482,test
oc7499,test
oc7544,test
oc8018,test
oc8315,test
oc8896,test
oc9235,test
oc9947,test
od1422,test
od1841,test
od1927,test
od2518,test
od3851,test
od4518,test
od5030,test
od5405,test
od6167,test
od6555,test
od6932,test
od7100,test
od7130,test
od8862,test
od9428,test
od9533,test
oe1668,test
oe2305,test
oe3490,test
oe4915,test
oe5128,test
oe7245,test
oe7326,test
oe7496,test
oe7558,test
oe8159,test
oe8768,test
oe9602,test
oe9706,test
of2144,test
of3072,test
of4095,test
of5574,test
of8469,test
og2076,test
og2654,test
og2880,test
og7331,test
oh3082,test
oh3614,test
oh4505,test
oh5120,test
oh5542,test
oh6053,test
oh6462,test
oh6918,test
oh8207,test
oi1017,test
oi2378,test
oi3217,test
oi3290,test
oi4503,test
oi5607,test
oi8011,test
oj1516,test
oj2440,test
oj2628,test
oj3396,test
oj3549,test
oj3819,test
oj4897,test
oj5140,test
oj5707,test
oj5789,test
oj7185,test
oj8110,test
oj8824,test
oj8988,test
ok1123,test
ok2384,test
ok2492,test
ok2700,test
ok4565,test
ok4844,test
ok4893,test
ok4922,test
ok5344,test
ok6009,test
ok7316,test
ok8166,test
ok8472,test
ok9684,test
ol2159,test
ol3011,test
ol3721,test
ol4027,test
ol5653,test
ol6424,test
ol7674,test
ol7939,test
ol8159,test
ol8630,test
ol9464,test
om1632,test
om1726,test
om1898,test
om2403,test
om3123,test
om3984,test
om4090,test
om5087,test
om7205,test
om8383,test
om9470,test
om9751,test
on2498,test
on3327,test
on3849,test
on4001,test
on5168,test
on5267,test
on5809,test
on6252,test
on7360,test
on7740,test
on8759,test
on9488,test
oo1432,test
oo1499,test
oo2324,test
oo2681,test
oo3788,test
oo4018,test
oo4566,test
oo9393,test
op2232,test
op3030,test
op3638,test
op5468,test
op5513,test
op6467,test
op8120,test
op9850,test
op9861,test
oq3321,test
oq4381,test
oq4420,test
oq6130,test
oq6741,test
oq8534,test
or2489,test
or4723,test
or4870,test
or5022,test
or5343,test
or6942,test
or8095,test
or8536,test
or9746,test
os1261,test
os2745,test
os3620,test
os3831,test
os4919,test
os5277,test
os5664,test
os6219,test
os6539,test
os6567,test
ot1645,test
ot3662,test
ot3715,test
ot6385,test
ot6572,test
ot6682,test
ot6911,test
ot8014,test
ot8648,test
ot9401,test
ou1887,test
ou2480,test
ou2549,test
ou4713,test
ou4955,test
ou5853,test
ou6664,test
ou7726,test
ou9280,test
ov3689,test
ov4274,test
ov7575,test
ov9934,test
ow1194,test
ow3248,test
ow3419,test
ow4718,test
ow5920,test
ow5977,test
ow6607,test
ow7327,test
ow7412,test
ow7544,test
ow7868,test
ow9229,test
ow9258,test
ow9528,test
ox4033,test
ox5138,test
ox6283,test
ox7918,test
ox8058,test
oy1648,test
oy2358,test
oy2750,test
oy3084,test
oy5640,test
oy6198,test
oy6667,test
oz2959,test
oz2969,test
oz3404,test
oz3747,test
oz4083,test
oz4630,test
oz5223,test
oz6573,test
oz6728,test
oz7088,test
pa4900,test
pa5028,test
pa6190,test
pa6565,test
pb1690,test
pb1832,test
pb2452,test
pb5099,test
pb6094,test
pb6628,test
pb6775,test
pb7250,test
pb9159,test
pc1333,test
pc1630,test
pc1641,test
pc1872,test
pc4133,test
pc4849,test
pc4914,test
pc5348,test
pc6279,test
pc7605,test
pc7750,test
pc8639,test
pd1090,test
pd1665,test
pd5003,test
pd5234,test
pd7513,test
pd8746,test
pd8954,test
pd9605,test
pe2134,test
pe2272,test
pe2783,test
pe6006,test
pe6140,test
pe7301,test
pe8601,test
pf2994,test
pf3843,test
pf5903,test
pf6303,test
pf7514,test
pf7577,test
pf7981,test
pg1645,test
pg2424,test
pg3371,test
pg3963,test
pg4005,test
pg4602,test
pg4824,test
pg6166,test
pg7075,test
pg7175,test
pg8426,test
pg8873,test
pg9849,test
ph1220,test
ph2499,test
ph2836,test
ph3403,test
ph3909,test
ph4004,test
ph4120,test
ph4500,test
ph5021,test
ph5142,test
ph7295,test
ph7606,test
pi3291,test
pi3538,test
pi4718,test
pi5220,test
pi5548,test
pi5608,test
pi6474,test
pi7640,test
pi7895,test
pi8065,test
pi8403,test
pi9361,test
pi9511,test
pj1125,test
pj2493,test
pj5645,test
pj6178,test
pj6850,test
pj6860,test
pj8663,test
pk1599,test
pk2340,test
pk3335,test
pk5605,test
pk7623,test
pk8083,test
pk8535,test
pk9445,test
pl1247,test
pl1544,test
pl2412,test
pl2716,test
pl3073,test
pl4034,test
pl4324,test
pl4537,test
pl5765,test
pl7185,test
pl7278,test
pl9448,test
pm1210,test
pm1915,test
pm4979,test
pm8617,test
pm8970,test
pn1193,test
pn1262,test
pn4583,test
pn5067,test
pn6706,test
pn8733,test
pn9521,test
po1614,test
po3349,test
po3832,test
po5457,test
po5979,test
po6042,test
po6050,test
po6375,test
po6705,test
po6791,test
po7305,test
po7610,test
po7926,test
po8300,test
po8576,test
pp1343,test
pp1867,test
pp3275,test
pp3627,test
pp4163,test
pp4187,test
pp4741,test
pp4759,test
pp5019,test
pp7140,test
pp8238,test
pp8981,test
pp9966,test
pq2385,test
pq3498,test
pq3928,test
pq4046,test
pq7780,test
pq7972,test
pq8452,test
pr4962,test
pr5204,test
pr7197,test
pr7324,test
pr7621,test
ps1562,test
ps1867,test
ps2710,test
ps6064,test
ps6585,test
ps8011,test
ps9265,test
ps9445,test
ps9650,test
ps9948,test
pt2034,test
pt2824,test
pt2873,test
pt3280,test
pt3760,test
pt4140,test
pt5902,test
pt6591,test
pt7856,test
pt7927,test
pt9768,test
pu3215,test
pu5619,test
pu5783,test
pu6339,test
pu6451,test
pu7647,test
pu7671,test
pv1995,test
pv3216,test
pv4613,test
pv5824,test
pv7611,test
pv8194,test
pv9143,test
pw1152,test
pw3416,test
pw4043,test
pw4216,test
pw4332,test
pw5334,test
pw5795,test
pw7267,test
pw7809,test
pw8097,test
pw8210,test
pw8245,test
pw8960,test
pw9060,test
px1315,test
px2067,test
px3604,test
px4229,test
px7076,test
px7752,test
px8557,test
px9869,test
py4071,test
py5843,test
py5865,test
py6346,test
py6444,test
py6645,test
py6646,test
pz1609,test
pz1664,test
pz1721,test
pz2341,test
pz3151,test
pz3680,test
pz7828,test
pz9752,test
qa3503,test
qa5247,test
qa5282,test
qa7159,test
qa7667,test
qa8445,test
qa9623,test
qb1997,test
qb2147,test
qb2178,test
qb2765,test
qb3491,test
qb5523,test
qb6609,test
qb8303,test
qb9492,test
qc1245,test
qc1336,test
qc2412,test
qc3799,test
qc4275,test
qc5798,test
qc6079,test
qc6169,test
qc7760,test
qc8277,test
qc8467,test
qc8622,test
qc9357,test
qc9876,test
qd1168,test
qd2242,test
qd3975,test
qd4092,test
qd5573,test
qd5630,test
qd7126,test
qe5627,test
qe7130,test
qe8166,test
qe8205,test
qe8784,test
qe9232,test
qf1828,test
qf2988,test
qf4436,test
qf5486,test
qf5726,test
qf5735,test
qf6004,test
qf6374,test
qf7378,test
qf8698,test
qg1687,test
qg1962,test
qg2216,test
qg3704,test
qg4271,test
qg5363,test
qg8311,test
qg8678,test
qh1562,test
qh4113,test
qh4948,test
qh5910,test
qh6286,test
qh6943,test
qh9541,test
qh9756,test
qi2370,test
qi3044,test
qi3219,test
qi5441,test
qi5771,test
qi5997,test
qi6687,test
qi7575,test
qi9419,test
qj1751,test
qj1920,test
qj3169,test
qj3217,test
qj3568,test
qj4765,test
qj6108,test
qk1993,test
qk4330,test
qk7488,test
qk8729,test
qk8944,test
qk9013,test
qk9277,test
ql3435,test
ql5691,test
ql6703,test
ql7481,test
ql7561,test
ql8239,test
ql9749,test
ql9937,test
ql9991,test
qm2070,test
qm2190,test
qm2770,test
qm2874,test
qm3706,test
qm5183,test
qm5351,test
qm6866,test
qm7175,test
qm7223,test
qm8085,test
qm8274,test
qm9217,test
qn2144,test
qn2429,test
qn7747,test
qo1477,test
qo4250,test
qo5823,test
qo6894,test
qo7260,test
qo8411,test
qp1930,test
qp2168,test
qp2862,test
qp2902,test
qp3576,test
qp4224,test
qp6546,test
qp6965,test
qp7077,test
qp7342,test
qq1061,test
qq1384,test
qq1509,test
qq1732,test
qq1757,test
qq2674,test
qq3667,test
qq4903,test
qq6862,test
qq8044,test
qq8713,test
qq9002,test
qr1007,test
qr2955,test
qr4526,test
qr5983,test
qr8415,test
qr9533,test
qr9933,test
qs3006,test
qs3834,test
qs4085,test
qs6117,test
qs6548,test
qs6835,test
qs7563,test
qs8262,test
qs8405,test
qt1031,test
qt1930,test
qt2266,test
qt2417,test
qt3967,test
qt4179,test
qt5466,test
qt6076,test
qt6497,test
qt6594,test
qt7915,test
qt8118,test
qt9253,test
qt9708,test
qu2043,test
qu2797,test
qu3366,test
qu4190,test
qu4248,test
qu4542,test
qu4750,test
qu5910,test
qu6105,test
qu7081,test
qu8135,test
qu9395,test
qu9852,test
qv1293,test
qv2530,test
qv3083,test
qv3701,test
qv6758,test
qv7277,test
qv8175,test
qv9016,test
qw2236,test
qw3115,test
qw3409,test
qw4637,test
qw7578,test
qw8050,test
qw8537,test
qw8997,test
qx1011,test
qx1255,test
qx1577,test
qx1728,test
qx2892,test
qx3247,test
qx6321,test
qx6412,test
qx8942,test
qy1115,test
qy1155,test
qy3015,test
qy3995,test
qy4499,test
qy5120,test
qy5581,test
qy6646,test
qy8641,test
qz2893,test
qz3977,test
qz6918,test
qz8422,test
qz9659,test
ra5191,test
ra5729,test
ra7161,test
ra8315,test
ra9267,test
rb1764,test
rb2944,test
rb3785,test
rc1050,test
rc2869,test
rc3102,test
rc3597,test
rc4080,test
rc5307,test
rc5344,test
rc8158,test
rd4253,test
rd5450,test
rd5513,test
rd7338,test
re3155,test
re3465,test
re3874,test
re4079,test
re4535,test
re4956,test
re5123,test
re5205,test
re6373,test
re7774,test
re8588,test
re8593,test
re9495,test
re9811,test
rf3556,test
rf4500,test
rf4962,test
rf5354,test
rf6660,test
rf8097,test
rf8163,test
rf9262,test
rf9438,test
rg2167,test
rg4664,test
rg5259,test
rg6015,test
rg7837,test
rg8355,test
rg8447,test
rg9820,test
rh2099,test
rh3172,test
rh3994,test
rh4085,test
rh4578,test
rh4606,test
rh4965,test
rh5250,test
rh5331,test
rh5498,test
rh6516,test
rh6751,test
rh6954,test
rh7610,test
rh9577,test
ri1926,test
ri3606,test
ri3718,test
ri5340,test
ri5796,test
ri6073,test
ri9664,test
rj1032,test
rj1999,test
rj2806,test
rj4112,test
rj6181,test
rj7160,test
rj7176,test
rk2225,test
rk5302,test
rk5439,test
rk7710,test
rk8054,test
rk8651,test
rk9172,test
rl1230,test
rl2168,test
rl2247,test
rl3028,test
rl3583,test
rl5115,test
rl5593,test
rl6837,test
rl7130,test
rl8407,test
rm2438,test
rm2447,test
rm7112,test
rm7305,test
rm8997,test
rm9023,test
rn1378,test
rn2901,test
rn4509,test
rn5207,test
rn7588,test
rn9436,test
ro1011,test
ro1175,test
ro1804,test
ro3067,test
ro3708,test
ro5015,test
ro5931,test
ro6036,test
ro6471,test
ro7807,test
ro9639,test
rp1023,test
rp4686,test
rp4834,test
rp6019,test
rp6072,test
rp6832,test
rp7613,test
rp7929,test
rp7981,test
rp9868,test
rq1467,test
rq1903,test
rq3034,test
rq6406,test
rq7950,test
rq9140,test
rr2344,test
rr2443,test
rr3102,test
rr3222,test
rr4097,test
rr8146,test
rr8227,test
rr9697,test
rs1653,test
rs2989,test
rs3375,test
rs4052,test
rs5153,test
rs6257,test
rs6334,test
rs7234,test
rs8227,test
rs9642,test
rs9770,test
rs9790,test
rt1172,test
rt4413,test
rt4795,test
rt4978,test
rt5059,test
rt5109,test
rt6253,test
rt8610,test
rt9754,test
rt9887,test
rt9933,test
ru2113,test
ru2750,test
ru3675,test
ru4820,test
ru6340,test
ru7558,test
ru7815,test
ru8549,test
rv1287,test
rv2496,test
rv2686,test
rv5278,test
rv6583,test
rv7830,test
rv8576,test
rv9174,test
rw3381,test
rw4509,test
rw4960,test
rw5540,test
rw5830,test
rw8276,test
rw8849,test
rx4260,test
rx5629,test
rx6379,test
rx7650,test
rx8605,test
rx9523,test
ry1336,test
ry1393,test
ry1553,test
ry2676,test
ry3817,test
ry3878,test
ry4342,test
ry5398,test
ry5640,test
ry5989,test
ry6578,test
ry7394,test
rz1615,test
rz2603,test
rz3299,test
rz3780,test
rz5846,test
rz6588,test
rz6885,test
rz8083,test
rz8796,test
sa2831,test
sa4989,test
sa5613,test
sa6302,test
sa6539,test
sa7520,test
sa7696,test
sa7754,test
sa7966,test
sa8482,test
sa9928,test
sb1220,test
sb2303,test
sb3214,test
sb3365,test
sb4534,test
sb7451,test
sb8192,test
sb9362,test
sc1856,test
sc4078,test
sc4221,test
sc4463,test
sc4822,test
sc5916,test
sc6173,test
sc6313,test
sc6574,test
sc6595,test
sc6761,test
sc7380,test
sc7681,test
sc9350,test
sd1909,test
sd1949,test
sd3131,test
sd3138,test
sd5571,test
sd7043,test
sd7531,test
sd8064,test
sd8440,test
sd8699,test
sd9017,test
sd9043,test
se1452,test
se1815,test
se2320,test
se2476,test
se3323,test
se3777,test
se4281,test
se4572,test
se4942,test
se5287,test
se6813,test
se8316,test
se9397,test
sf1236,test
sf2033,test
sf2708,test
sf3546,test
sf4494,test
sf5134,test
sf5714,test
sf8112,test
sf8426,test
sf9019,test
sg1058,test
sg1391,test
sg3367,test
sg5571,test
sg5764,test
sg6304,test
sg8272,test
sg9241,test
sh1565,test
sh1824,test
sh1907,test
sh3440,test
sh3549,test
sh4315,test
sh4922,test
sh6040,test
sh7174,test
sh7813,test
sh8632,test
sh8680,test
si2704,test
si2913,test
si2988,test
si5415,test
si7734,test
si7918,test
si8502,test
si9526,test
sj2564,test
sj2686,test
sj2875,test
sj3869,test
sj3954,test
sj7176,test
sj7292,test
sj7883,test
sj8068,test
sk1059,test
sk1183,test
sk3079,test
sk4047,test
sk5061,test
sk5419,test
sk7661,test
sk8178,test
sk8461,test
sk9139,test
sl1059,test
sl1129,test
sl1135,test
sl2279,test
sl4340,test
sl5878,test
sl6797,test
sl7458,test
sl8065,test
sl9387,test
sm1455,test
sm1784,test
sm2873,test
sm3529,test
sm5333,test
sm6506,test
sm6552,test
sm6571,test
sm6721,test
sm9528,test
sn1011,test
sn2107,test
sn2887,test
sn6078,test
sn7443,test
sn7520,test
sn9265,test
so1484,test
so2393,test
so3059,test
so5545,test
so7606,test
so8645,test
sp2718,test
sp3049,test
sp6653,test
sp7023,test
sq3319,test
sq4455,test
sq4826,test
sq5829,test
sq9686,test
sr1641,test
sr2657,test
sr3161,test
sr3356,test
sr3883,test
sr4495,test
sr4631,test
sr5855,test
sr6461,test
sr6748,test
sr8352,test
sr8377,test
sr8577,test
sr8658,test
sr9658,test
ss3896,test
ss4831,test
ss6514,test
ss7121,test
ss7271,test
ss7790,test
ss8202,test
ss8883,test
st1123,test
st1877,test
st2557,test
st3320,test
st3901,test
st4336,test
st5878,test
st6519,test
st7914,test
st8319,test
st8957,test
su3033,test
su6364,test
su7587,test
su8325,test
su8953,test
su9286,test
su9540,test
su9558,test
sv1049,test
sv1886,test
sv2011,test
sv2145,test
sv2220,test
sv3050,test
sv3287,test
sv3608,test
sv4546,test
sv5171,test
sv5285,test
sv5824,test
sv7107,test
sv8667,test
sv9330,test
sv9448,test
sw1099,test
sw1242,test
sw3324,test
sw3399,test
sw4337,test
sw4648,test
sw4983,test
sw7281,test
sw8024,test
sw8275,test
sx2529,test
sx2659,test
sx4148,test
sx4593,test
sx5817,test
sx5961,test
sx6542,test
sx7116,test
sx8009,test
sx9071,test
sy3496,test
sy4737,test
sy4927,test
sy5114,test
sy5970,test
sy7329,test
sy8038,test
sy9149,test
sz1599,test
sz2096,test
sz2984,test
sz3157,test
sz5128,test
sz6240,test
sz6827,test
sz6896,test
sz7214,test
sz8026,test
sz8657,test
ta1121,test
ta2104,test
ta2162,test
ta3572,test
ta4519,test
ta4799,test
ta8067,test
tb1468,test
tb1569,test
tb1949,test
tb2279,test
tb3343,test
tb4006,test
tb7232,test
tb7883,test
tc2024,test
tc3892,test
tc5320,test
tc6264,test
tc6524,test
tc7700,test
tc8478,test
td1024,test
td3052,test
td3419,test
td3505,test
td4140,test
td4804,test
td6126,test
td6534,test
td6728,test
td7566,test
td9649,test
te2518,test
te3004,test
te3089,test
te3742,test
te5588,test
te6185,test
te6280,test
te6799,test
te7512,test
te8695,test
tf3122,test
tf4004,test
tf4246,test
tf4415,test
tf5055,test
tf5660,test
tf7709,test
tf7721,test
tf7798,test
tf9121,test
tf9803,test
tg2815,test
tg2890,test
tg3099,test
tg3265,test
tg3386,test
tg3537,test
tg7187,test
tg7394,test
tg8020,test
tg9052,test
tg9290,test
th1045,test
th1305,test
th1373,test
th6038,test
th6138,test
th7012,test
th7658,test
th8958,test
ti1398,test
ti2760,test
ti2810,test
ti3298,test
ti4740,test
ti5964,test
ti6134,test
ti6696,test
ti8079,test
ti9111,test
tj2847,test
tj3348,test
tj3945,test
tj6716,test
tj7851,test
tk1223,test
tk1388,test
tk1846,test
tk1935,test
tk2590,test
tk5358,test
tk6834,test
tk6915,test
tk8443,test
tk9523,test
tl1097,test
tl2014,test
tl2811,test
tl3832,test
tl5447,test
tl6801,test
tl7009,test
tl7493,test
tl9780,test
tm1155,test
tm3154,test
tm4150,test
tm4696,test
tm4777,test
tm7758,test
tm7930,test
tm8306,test
tm9144,test
tm9796,test
tn1623,test
tn2096,test
tn2217,test
tn2855,test
tn3666,test
tn3781,test
tn3928,test
tn4077,test
tn4417,test
tn5882,test
tn6117,test
tn8233,test
tn9119,test
to1403,test
to3442,test
to4034,test
to4618,test
to5382,test
to5885,test
to7631,test
to8334,test
to8655,test
to8918,test
to9062,test
tp1410,test
tp3310,test
tp3688,test
tp4917,test
tp5595,test
tp5921,test
tp5961,test
tp5997,test
tp8233,test
tq1322,test
tq4393,test
tq4833,test
tq5141,test
tq6862,test
tq7929,test
tq8546,test
tq8959,test
tq9324,test
tr1831,test
tr3859,test
tr5697,test
tr7285,test
ts2187,test
ts2632,test
ts3823,test
ts4280,test
ts7530,test
ts7620,test
ts8830,test
ts9852,test
ts9984,test
tt1937,test
tt3730,test
tt5617,test
tt6898,test
tt7706,test
tt8066,test
tt8373,test
tt8411,test
tt9311,test
tu3015,test
tu3301,test
tu3304,test
tu3577,test
tu5063,test
tu5168,test
tu5249,test
tu6016,test
tu6936,test
tu7728,test
tu8758,test
tu9039,test
tu9101,test
tu9129,test
tu9440,test
tv1933,test
tv2025,test
tv2640,test
tv2880,test
tv3271,test
tv3643,test
tv4563,test
tv4916,test
tv5858,test
tv8521,test
tv8813,test
tw4377,test
tw5680,test
tw6320,test
tw6723,test
tw7768,test
tw9714,test
tx2692,test
tx2832,test
tx3263,test
tx4654,test
tx6100,test
tx6618,test
tx7326,test
tx9547,test
ty2321,test
ty2495,test
ty3435,test
ty4350,test
ty5172,test
ty5653,test
ty6119,test
ty8365,test
ty9526,test
tz3204,test
tz3382,test
tz4404,test
tz5355,test
tz7748,test
tz8286,test
ua1354,test
ua1611,test
ua2177,test
ua2470,test
ua4085,test
ua5441,test
ua6211,test
ua6627,test
ua6666,test
ua8259,test
ua9115,test
ub1167,test
ub1790,test
ub1979,test
ub3375,test
ub4322,test
ub5020,test
ub5259,test
ub6430,test
ub6719,test
ub7676,test
ub8176,test
ub9063,test
ub9169,test
ub9488,test
uc1589,test
uc1873,test
uc2629,test
uc3398,test
uc7222,test
uc8963,test
ud1388,test
ud1769,test
ud2183,test
ud3130,test
ud3747,test
ud3982,test
ud3993,test
ud5222,test
ud5905,test
ud5961,test
ud7096,test
ud7651,test
ud8841,test
ud9021,test
ue1655,test
ue1937,test
ue4537,test
ue5180,test
ue5942,test
ue6790,test
ue7378,test
ue7429,test
ue8251,test
ue8336,test
ue8425,test
uf1024,test
uf2384,test
uf2430,test
uf4927,test
uf5080,test
uf5517,test
uf7217,test
uf7657,test
uf8496,test
uf9389,test
ug1618,test
ug2727,test
ug5216,test
ug8548,test
uh1542,test
uh2195,test
uh3116,test
uh5019,test
uh5027,test
uh5787,test
uh5914,test
uh6718,test
uh9496,test
uh9624,test
uh9877,test
uh9941,test
uh9958,test
ui1422,test
ui2605,test
ui5606,test
ui5887,test
ui6302,test
ui7029,test
ui7641,test
ui8026,test
uj1256,test
uj1355,test
uj1572,test
uj3603,test
uj3858,test
uj5420,test
uj5697,test
uj7322,test
uj8215,test
uj8468,test
uk1828,test
uk5089,test
uk5340,test
uk5805,test
uk6750,test
uk7528,test
uk7992,test
ul4011,test
ul4726,test
ul4957,test
ul5865,test
ul5932,test
ul6010,test
ul7374,test
ul8475,test
um8537,test
um9120,test
um9182,test
un4797,test
un5445,test
un6446,test
un9510,test
un9700,test
uo1144,test
uo1207,test
uo2881,test
uo5766,test
uo6208,test
uo6849,test
uo7062,test
uo7190,test
uo8190,test
uo9041,test
uo9386,test
uo9989,test
up2341,test
up2676,test
up2677,test
up2757,test
up3426,test
up4000,test
up4520,test
up4585,test
up6044,test
up6651,test
up7785,test
up8857,test
up9890,test
uq1442,test
uq1888,test
uq2806,test
uq2936,test
uq5309,test
uq6442,test
uq7762,test
uq9442,test
uq9929,test
ur4837,test
ur5145,test
ur6012,test
ur6595,test
ur8291,test
us1023,test
us1059,test
us1481,test
us1638,test
us1662,test
us2795,test
us4870,test
us5409,test
us6811,test
us6978,test
us7085,test
us8996,test
ut3045,test
ut3360,test
ut4265,test
ut5192,test
ut5689,test
ut8081,test
ut9439,test
uu4190,test
uu4523,test
uu4810,test
uu5662,test
uu5745,test
uu8596,test
uv1345,test
uv1642,test
uv4622,test
uv5256,test
uv6206,test
uv6263,test
uv6560,test
uv6863,test
uv6985,test
uv7229,test
uv8927,test
uw1018,test
uw1772,test
uw4355,test
uw4975,test
uw5302,test
uw5413,test
uw6416,test
uw7756,test
uw8979,test
uw9220,test
uw9574,test
uw9979,test
ux1372,test
ux2763,test
ux3047,test
ux4847,test
ux5414,test
ux5451,test
ux5613,test
ux6920,test
ux9648,test
ux9950,test
uy3331,test
uy3502,test
uy4308,test
uy4360,test
uy6199,test
uy6380,test
uy6537,test
uy6645,test
uy6917,test
uy7191,test
uy7597,test
uy9016,test
uz1378,test
uz1515,test
uz4350,test
uz5939,test
uz7442,test
uz7970,test
uz8387,test
uz9176,test
uz9253,test
uz9407,test
uz9995,test
va1667,test
va2133,test
va3117,test
va4782,test
va5429,test
va6313,test
va6382,test
va7533,test
va7811,test
va8555,test
vb1029,test
vb1424,test
vb2773,test
vb2952,test
vb3897,test
vb5906,test
vb8352,test
vb8734,test
vc2043,test
vc2968,test
vc3775,test
vc4179,test
vc4551,test
vc4643,test
vc5219,test
vc7287,test
vc7564,test
vc8450,test
vd2899,test
vd3163,test
vd3819,test
vd5192,test
vd5425,test
vd7294,test
vd7843,test
vd8253,test
vd9527,test
ve5858,test
ve6211,test
ve6555,test
ve6738,test
ve7634,test
ve8175,test
vf1263,test
vf1571,test
vf2112,test
vf2406,test
vf2504,test
vf4033,test
vf4864,test
vf5197,test
vf6864,test
vf7467,test
vf8108,test
vf8258,test
vf8666,test
vg1431,test
vg2564,test
vg3732,test
vg4827,test
vg5185,test
vg5490,test
vg6212,test
vg7880,test
vg9662,test
vg9735,test
vh2587,test
vh3596,test
vh4694,test
vh5107,test
vh5176,test
vh5603,test
vh6405,test
vh6654,test
vh6910,test
vh8192,test
vh8388,test
vh9344,test
vi3287,test
vi3647,test
vi5089,test
vi6944,test
vi6996,test
vi8772,test
vj1831,test
vj3052,test
vj3818,test
vj4842,test
vj5642,test
vj5846,test
vj6448,test
vj6891,test
vj7304,test
vk2450,test
vk2459,test
vk2562,test
vk2713,test
vk3769,test
vk4901,test
vk5908,test
vk6071,test
vk7023,test
vl1196,test
vl1850,test
vl2516,test
vl3073,test
vl3308,test
vl3852,test
vl4832,test
vl5351,test
vl6231,test
vm2449,test
vm3875,test
vm5329,test
vm6102,test
vm7391,test
vm8963,test
vm9276,test
vn2006,test
vn2289,test
vn5456,test
vn6390,test
vn7116,test
vn7492,test
vn8248,test
vn8994,test
vn9068,test
vn9143,test
vn9564,test
vo1051,test
vo1339,test
vo1736,test
vo5392,test
vo8575,test
vp1257,test
vp1683,test
vp2653,test
vp2964,test
vp3586,test
vp3862,test
vp4154,test
vp7358,test
vp9385,test
vq1218,test
vq3436,test
vq3544,test
vq4554,test
vq5658,test
vq6522,test
vq7467,test
vq8220,test
vq8460,test
vq9863,test
vr1881,test
vr4358,test
vr6681,test
vr9135,test
vr9559,test
vs1029,test
vs1574,test
vs2295,test
vs2483,test
vs2548,test
vs2756,test
vs4058,test
vs4478,test
vs4690,test
vs5019,test
vs5988,test
vs6195,test
vs7120,test
vs7394,test
vs8457,test
vs8516,test
vs8899,test
vs9856,test
vt2877,test
vt3492,test
vt3504,test
vt3822,test
vt4007,test
vt4508,test
vt5027,test
vt6499,test
vt6518,test
vt6609,test
vt8411,test
vu3138,test
vu4773,test
vu8287,test
vv1484,test
vv2157,test
vv2277,test
vv3767,test
vv7200,test
vv7654,test
vv8191,test
vv8249,test
vv8307,test
vv8434,test
vv8859,test
vw1353,test
vw1395,test
vw1710,test
vw1870,test
vw2985,test
vw3371,test
vw7342,test
vx1641,test
vx2695,test
vx5835,test
vx6049,test
vx6111,test
vx7096,test
vx8854,test
vx9889,test
vy1880,test
vy2316,test
vy2862,test
vy4961,test
vy5038,test
vy5732,test
vy6487,test
vy8663,test
vz1160,test
vz4542,test
vz6036,test
vz7000,test
vz8003,test
wa1701,test
wa2546,test
wa2969,test
wa4315,test
wa4520,test
wa4597,test
wa6315,test
wa9118,test
wa9942,test
wb1633,test
wb2305,test
wb4419,test
wb5637,test
wb6644,test
wb7020,test
wb7093,test
wb7661,test
wc1042,test
wc1143,test
wc1703,test
wc4291,test
wc5144,test
wc7897,test
wc8366,test
wc8982,test
wc9552,test
wc9893,test
wd1521,test
wd1874,test
wd3691,test
wd3979,test
wd3980,test
wd5913,test
wd8073,test
wd8578,test
wd9251,test
we1737,test
we2288,test
we3038,test
we3796,test
we4563,test
we6680,test
we6755,test
we6802,test
we7080,test
we7094,test
we7372,test
we7559,test
we9769,test
wf1785,test
wf2013,test
wf2410,test
wf3761,test
wf5673,test
wf6177,test
wf6717,test
wf9877,test
wg1059,test
wg1254,test
wg1440,test
wg3093,test
wg3738,test
wg4637,test
wg4900,test
wg6018,test
wg8217,test
wg8760,test
wg9608,test
wg9904,test
wh2027,test
wh2924,test
wh3150,test
wh5011,test
wh5505,test
wh5882,test
wh6122,test
wh8132,test
wh9712,test
wi3365,test
wi5441,test
wi5985,test
wi6493,test
wi7946,test
wi9309,test
wi9605,test
wj3705,test
wj6137,test
wj6478,test
wj7620,test
wj8467,test
wj9289,test
wj9896,test
wk1431,test
wk2132,test
wk3576,test
wk4095,test
wk4281,test
wk4654,test
wk7220,test
wk7351,test
wk9603,test
wl2269,test
wl4940,test
wl5860,test
wl7705,test
wl8316,test
wl9304,test
wl9364,test
wm2559,test
wm3034,test
wm3078,test
wm3766,test
wm4900,test
wm4962,test
wm6036,test
wm6414,test
wm6417,test
wm6795,test
wm7206,test
wm8477,test
wm8952,test
wm9903,test
wn1287,test
wn1487,test
wn3048,test
wn9437,test
wo1031,test
wo1077,test
wo1478,test
wo1849,test
wo2371,test
wo2423,test
wo2949,test
wo5708,test
wo7624,test
wo8095,test
wo8447,test
wo9767,test
wp3755,test
wp6305,test
wp7817,test
wp8068,test
wp9027,test
wq1512,test
wq1665,test
wq3525,test
wq4550,test
wq9105,test
wq9388,test
wq9596,test
wq9737,test
wr1058,test
wr3499,test
wr3699,test
wr4467,test
wr4917,test
wr4922,test
wr5109,test
wr5727,test
wr6448,test
wr7483,test
wr7818,test
ws1265,test
ws1543,test
ws3834,test
ws4900,test
ws5786,test
ws6015,test
ws9973,test
wt2520,test
wt2935,test
wt4339,test
wt6881,test
wt7114,test
wt7989,test
wt8411,test
wt9668,test
wt9841,test
wu2065,test
wu2110,test
wu2500,test
wu3086,test
wu3223,test
wu3465,test
wu4740,test
wu5663,test
wu5882,test
wu6596,test
wu6648,test
wu8562,test
wu9332,test
wu9820,test
wv5226,test
wv6018,test
wv8957,test
ww2905,test
ww3206,test
ww4680,test
ww5542,test
ww6065,test
ww6316,test
ww7101,test
ww7946,test
ww8053,test
ww9009,test
wx2042,test
wx2221,test
wx2332,test
wx4339,test
wx4402,test
wx4994,test
wx7241,test
wx7261,test
wx7300,test
wx7807,test
wx8161,test
wx9758,test
wy1664,test
wy4348,test
wy4623,test
wy5486,test
wy7041,test
wz3934,test
wz5596,test
wz5751,test
wz8028,test
wz8069,test
xa1490,test
xa1870,test
xa2331,test
xa3388,test
xa3686,test
xa5694,test
xa6187,test
xa6586,test
xa8669,test
xa9294,test
xa9349,test
xa9390,test
xa9732,test
xa9840,test
xb3469,test
xb3572,test
xb4068,test
xb5074,test
xb5580,test
xb7146,test
xb7235,test
xb7278,test
xb7492,test
xb8932,test
xb9113,test
xb9794,test
xc1026,test
xc1060,test
xc2298,test
xc4936,test
xc5996,test
xc8352,test
xc8999,test
xc9014,test
xc9941,test
xc9985,test
xd3161,test
xd3912,test
xd4547,test
xd5493,test
xd5978,test
xd6914,test
xd8348,test
xe1200,test
xe3999,test
xe4694,test
xe5337,test
xe6336,test
xe7924,test
xf2251,test
xf4353,test
xf4886,test
xf4898,test
xf6885,test
xf6958,test
xf7075,test
xf7270,test
xf7898,test
xf8315,test
xf8340,test
xf8414,test
xf8689,test
xf9838,test
xg1526,test
xg2181,test
xg3812,test
xg5429,test
xg8476,test
xh1149,test
xh1771,test
xh3866,test
xh4657,test
xh6678,test
xh8539,test
xh9138,test
xi1478,test
xi1958,test
xi3578,test
xi4853,test
xi4992,test
xi5411,test
xi8404,test
xi8907,test
xj2600,test
xj4850,test
xj5092,test
xj5180,test
xj5509,test
xj5714,test
xj7673,test
xj8965,test
xj9922,test
xk2200,test
xk3134,test
xk5821,test
xk6738,test
xk6928,test
xk7281,test
xk7864,test
xk9672,test
xl1737,test
xl6403,test
xl6495,test
xl7338,test
xl8154,test
xl9978,test
xm3021,test
xm3754,test
xm7610,test
xm8889,test
xm9030,test
xm9327,test
xm9478,test
xm9599,test
xn1860,test
xn2585,test
xn2708,test
xn3873,test
xn5249,test
xn5562,test
xn7717,test
xn9443,test
xn9554,test
xn9848,test
xo3653,test
xo3964,test
xo4106,test
xo5307,test
xo9378,test
xp1328,test
xp1798,test
xp2425,test
xp2835,test
xp3301,test
xp3624,test
xp5612,test
xp7406,test
xp7470,test
xp8324,test
xp8600,test
xp8893,test
xp8979,test
xp9579,test
xq1038,test
xq5420,test
xq5546,test
xq8502,test
xq8724,test
xq8740,test
xq9328,test
xr1252,test
xr3172,test
xr6830,test
xr6890,test
xr7246,test
xr8099,test
xr8446,test
xs2520,test
xs2835,test
xs3743,test
xs3746,test
xs4161,test
xs4834,test
xs5972,test
xs6373,test
xs7031,test
xs7350,test
xs7918,test
xs8157,test
xs9668,test
xs9675,test
xt1688,test
xt2158,test
xt2568,test
xt3342,test
xt4292,test
xt5251,test
xt5808,test
xt6912,test
xt7919,test
xt8684,test
xt9623,test
xu1373,test
xu7013,test
xu7431,test
xu7647,test
xu8028,test
xv1830,test
xv2908,test
xv3590,test
xv3814,test
xv4013,test
xv7452,test
xv7507,test
xv7759,test
xv8134,test
xv8614,test
xv8651,test
xv8844,test
xv9594,test
xw2189,test
xw5757,test
xw7703,test
xw7926,test
xw9265,test
xx2420,test
xx5096,test
xx5394,test
xx5944,test
xx6585,test
xx7956,test
xx8901,test
xx9125,test
xx9513,test
xy1594,test
xy2200,test
xy2759,test
xy2885,test
xy3366,test
xy4271,test
xy7039,test
xz1137,test
xz1463,test
xz3147,test
xz3431,test
xz4820,test
xz6503,test
xz7605,test
xz8321,test
xz8707,test
xz9233,test
ya1747,test
ya1901,test
ya2150,test
ya5819,test
ya7658,test
yb2855,test
yb4269,test
yb6387,test
yb8718,test
yb8884,test
yb9144,test
yc2864,test
yc3221,test
yc6081,test
yc8408,test
yc9036,test
yd2182,test
yd2333,test
yd2896,test
yd3429,test
yd4377,test
yd5789,test
yd6265,test
yd8337,test
yd8547,test
ye1001,test
ye1036,test
ye1153,test
ye1321,test
ye5648,test
ye6188,test
ye8460,test
ye8917,test
ye9683,test
yf1435,test
yf2811,test
yf2920,test
yf3496,test
yf4232,test
yf6609,test
yf6903,test
yf7803,test
yf9157,test
yg2046,test
yg2958,test
yg3229,test
yg4062,test
yg4643,test
yg7508,test
yg8210,test
yg8259,test
yg9194,test
yg9545,test
yh1168,test
yh8379,test
yi2578,test
yi3736,test
yi3833,test
yi5947,test
yi6076,test
yi6231,test
yi8671,test
yi9897,test
yj1973,test
yj9030,test
yj9598,test
yk1235,test
yk2458,test
yk3231,test
yk5845,test
yk5930,test
yk7441,test
yk7569,test
yk7634,test
yk9276,test
yk9456,test
yk9953,test
yl2544,test
yl3865,test
yl5129,test
yl5677,test
yl6870,test
ym1599,test
ym1843,test
ym1986,test
ym2299,test
ym5427,test
ym6464,test
ym7408,test
ym7546,test
ym8011,test
ym8714,test
ym9763,test
ym9800,test
yn1265,test
yn1730,test
yn3004,test
yn4319,test
yn4343,test
yn4624,test
yn6885,test
yn7309,test
yn9328,test
yn9434,test
yo1270,test
yo4392,test
yo5330,test
yo6888,test
yo7508,test
yo8082,test
yo8328,test
yo9804,test
yp2375,test
yp3408,test
yp4211,test
yp4846,test
yp6124,test
yp6737,test
yp6913,test
yp8647,test
yp8757,test
yp9729,test
yq2098,test
yq4522,test
yq7118,test
yq8941,test
yq9305,test
yr2398,test
yr6400,test
yr6448,test
yr7034,test
yr7455,test
yr7575,test
yr7967,test
yr7989,test
yr9087,test
ys1902,test
ys2342,test
ys3201,test
ys4922,test
ys5089,test
ys5180,test
ys5641,test
ys6598,test
ys7824,test
ys9224,test
ys9762,test
yt1550,test
yt3632,test
yt4754,test
yt5108,test
yt7603,test
yt7688,test
yt8489,test
yt9026,test
yt9267,test
yu3904,test
yu4132,test
yu4710,test
yu5192,test
yu5311,test
yu5916,test
yu6746,test
yu7341,test
yu9109,test
yu9384,test
yv1052,test
yv2225,test
yv2588,test
yv2934,test
yv3063,test
yv3587,test
yv5540,test
yv6562,test
yv7799,test
yv7877,test
yv8618,test
yv9570,test
yv9716,test
yw1238,test
yw1317,test
yw3184,test
yw3485,test
yw4134,test
yw4137,test
yw4161,test
yw5268,test
yw6675,test
yw7257,test
yw9093,test
yx1677,test
yx2612,test
yx2901,test
yx3467,test
yx3907,test
yx4302,test
yx5745,test
yx5791,test
yx6120,test
yx6491,test
yx7272,test
yx8365,test
yx8778,test
yx9777,test
yy3620,test
yy4771,test
yy6681,test
yy7583,test
yy7936,test
yy8010,test
yy9512,test
yz5542,test
yz7519,test
yz8333,test
yz8880,test
yz9435,test
za2506,test
za3607,test
za3921,test
za4087,test
za4584,test
za4830,test
za8004,test
za8185,test
zb5183,test
zb8491,test
zb9247,test
zb9664,test
zc1085,test
zc1866,test
zc3373,test
zc4319,test
zc5211,test
zc5339,test
zc5358,test
zc5919,test
zc6762,test
zc8691,test
zc9205,test
zc9227,test
zc9584,test
zc9687,test
zd2624,test
zd2627,test
zd3357,test
zd4157,test
zd5853,test
zd7503,test
zd9824,test
ze2008,test
ze2576,test
ze3010,test
ze3076,test
ze4291,test
ze5203,test
ze5343,test
ze6432,test
ze7423,test
ze9016,test
ze9188,test
ze9791,test
zf1303,test
zf2770,test
zf3499,test
zf4151,test
zf4406,test
zf4656,test
zf5802,test
zf7672,test
zf8053,test
zf8907,test
zf8928,test
zf9769,test
zg1008,test
zg2539,test
zg3108,test
zg3411,test
zg4469,test
zg5812,test
zg5821,test
zg6571,test
zg7450,test
zg7465,test
zg8408,test
zg8686,test
zh2151,test
zh4615,test
zh7272,test
zh8488,test
zi3942,test
zi4081,test
zi4099,test
zi4582,test
zi6414,test
zi7021,test
zi8176,test
zi9660,test
zi9801,test
zi9918,test
zj1517,test
zj3523,test
zj3760,test
zj3972,test
zj5918,test
zj6595,test
zj6640,test
zj8051,test
zj8405,test
zj8596,test
zk2875,test
zk4465,test
zk4691,test
zk5009,test
zk6083,test
zk7279,test
zl2461,test
zl3231,test
zl4834,test
zl5998,test
zl8049,test
zl9081,test
zm1435,test
zm1459,test
zm2235,test
zm2539,test
zm2757,test
zm2808,test
zm3806,test
zm5306,test
zm5602,test
zm6379,test
zm7524,test
zm7888,test
zm7920,test
zm8628,test
zm8829,test
zn4213,test
zn4630,test
zn5700,test
zn5810,test
zn5910,test
zn5912,test
zn7730,test
zn8727,test
